retention,area
8.094,85001
8.101,82464
8.109,81220
8.116,77983
8.123,75397
8.131,73169
8.138,70255
8.145,66764
8.153,65377
8.16,64457
8.167,63679
8.175,64765
8.182,64968
8.189,66089
8.197,67198
8.204,66972
8.211,65216
8.219,63864
8.226,61444
8.233,60093
8.241,58641
8.248,56711
8.255,57684
8.263,57475
8.27,58687
8.277,58132
8.284,58232
8.292,56059
8.299,54388
8.306,52119
8.314,52224
8.321,50051
8.328,49466
8.336,50524
8.343,49688
8.35,50577
8.358,49336
8.365,49380
8.372,48237
8.38,49418
8.387,51110
8.394,51708
8.402,52726
8.409,54279
8.416,52525
8.424,51159
8.431,49868
8.438,48255
8.446,47327
8.453,48709
8.46,51101
8.468,53968
8.475,58898
8.482,69830
8.489,85198
8.497,99071
8.504,110170
8.511,110205
8.519,107302
8.526,97755
8.533,90937
8.541,85192
8.548,79936
8.555,74441
8.563,71285
8.57,69072
8.577,66919
8.585,67467
8.592,70600
8.599,71623
8.607,75693
8.614,75636
8.621,77335
8.629,76394
8.636,73660
8.643,74688
8.651,75592
8.658,75454
8.665,74861
8.673,74324
8.68,72866
8.687,73938
8.694,72244
8.702,72001
8.709,78192
8.716,88065
8.724,102067
8.731,115318
8.738,122506
8.746,124174
8.753,114879
8.76,106743
8.768,96752
8.775,89271
8.782,85338
8.79,84855
8.797,83542
8.804,81590
8.812,79327
8.819,78560
8.826,75066
8.834,72202
8.841,72190
8.848,70169
8.856,66350
8.863,65178
8.87,62480
8.878,61527
8.885,61366
8.892,61653
8.9,62546
8.907,65038
8.914,67690
8.921,70107
8.929,70835
8.936,71551
8.943,71375
8.951,74116
8.958,81937
8.965,96768
8.973,114434
8.98,135753
8.987,148966
8.995,150047
9.002,143093
9.009,129683
9.017,115907
9.024,104734
9.031,97389
9.039,91539
9.046,87204
9.053,84386
9.061,82969
9.068,81338
9.075,81275
9.083,81189
9.09,80612
9.097,78020
9.105,76019
9.112,74303
9.119,72966
9.127,70329
9.134,68305
9.141,67020
9.148,66963
9.156,68163
9.163,70111
9.17,71508
9.178,71683
9.185,71765
9.192,72664
9.2,70999
9.207,72276
9.214,71304
9.222,71156
9.229,72637
9.236,72938
9.244,72206
9.251,70240
9.258,68448
9.266,66836
9.273,67288
9.28,67906
9.288,71990
9.295,78117
9.302,87795
9.31,97243
9.317,108999
9.324,115608
9.332,118127
9.339,114905
9.346,108042
9.353,101465
9.361,94838
9.368,91554
9.375,88389
9.383,85175
9.39,83433
9.397,81245
9.405,76436
9.412,74179
9.419,71386
9.427,70966
9.434,70800
9.441,71036
9.449,69921
9.456,70998
9.463,70133
9.471,68506
9.478,67842
9.485,66896
9.493,66052
9.5,66295
9.507,64740
9.515,64506
9.522,63667
9.529,63565
9.537,64100
9.544,66598
9.551,70350
9.559,71751
9.566,77981
9.573,86531
9.58,94454
9.588,101571
9.595,104260
9.602,103487
9.61,101556
9.617,96361
9.624,92974
9.632,89409
9.639,84219
9.646,80579
9.654,76469
9.661,74269
9.668,71278
9.676,70092
9.683,72548
9.69,79591
9.698,90209
9.705,108504
9.712,122056
9.72,132121
9.727,133452
9.734,126912
9.742,117258
9.749,108448
9.756,100818
9.764,96086
9.771,92463
9.778,89321
9.785,88431
9.793,85898
9.8,83762
9.807,83902
9.815,82941
9.822,82275
9.829,82004
9.837,85390
9.844,87866
9.851,93313
9.859,101738
9.866,111052
9.873,119455
9.881,127200
9.888,130599
9.895,127851
9.903,121620
9.91,112758
9.917,107003
9.925,103337
9.932,104103
9.939,106891
9.947,109093
9.954,107330
9.961,105322
9.969,101267
9.976,96810
9.983,91185
9.991,87593
9.998,86486
10.005,84369
10.012,80526
10.02,80362
10.027,78233
10.034,75640
10.042,76232
10.049,74882
10.056,73148
10.064,72809
10.071,70965
10.078,71211
10.086,70481
10.093,71892
10.1,73115
10.108,71066
10.115,71371
10.122,68905
10.13,66851
10.137,65783
10.144,62742
10.152,62374
10.159,62508
10.166,68385
10.174,74936
10.181,89769
10.188,109515
10.196,122863
10.203,133385
10.21,133259
10.217,126698
10.225,118722
10.232,108167
10.239,103739
10.247,97446
10.254,97750
10.261,97985
10.269,95966
10.276,93863
10.283,94352
10.291,93364
10.298,92595
10.305,92746
10.313,93691
10.32,97913
10.327,97051
10.335,96132
10.342,93276
10.349,91863
10.357,88151
10.364,87684
10.371,85868
10.379,83689
10.386,80993
10.393,80445
10.401,79533
10.408,80484
10.415,77311
10.422,74177
10.43,73879
10.437,72095
10.444,71381
10.452,69778
10.459,70375
10.466,70069
10.474,70891
10.481,70230
10.488,71099
10.496,72708
10.503,72428
10.51,74584
10.518,77110
10.525,82379
10.532,88058
10.54,93139
10.547,96384
10.554,99565
10.562,98696
10.569,99195
10.576,96737
10.584,97493
10.591,97456
10.598,100169
10.606,100937
10.613,102720
10.62,105018
10.628,103804
10.635,100101
10.642,96608
10.649,94111
10.657,90538
10.664,88188
10.671,87472
10.679,87508
10.686,86710
10.693,87461
10.701,86021
10.708,85567
10.715,85260
10.723,88209
10.73,87104
10.737,85639
10.745,86298
10.752,85120
10.759,87133
10.767,85856
10.774,85991
10.781,88101
10.789,92546
10.796,97125
10.803,99613
10.811,102898
10.818,104501
10.825,106596
10.833,109412
10.84,113013
10.847,117804
10.854,120714
10.862,118948
10.869,117238
10.876,112765
10.884,114815
10.891,127794
10.898,158663
10.906,217698
10.913,310465
10.92,421751
10.928,534128
10.935,633397
10.942,671833
10.95,645857
10.957,559654
10.964,464506
10.972,380249
10.979,323594
10.986,283329
10.994,253947
11.001,227766
11.008,208869
11.016,193957
11.023,178174
11.03,167051
11.038,158677
11.045,148823
11.052,142369
11.06,134346
11.067,128351
11.074,122878
11.081,115897
11.089,111951
11.096,107213
11.103,104068
11.111,101709
11.118,100229
11.125,96681
11.133,94304
11.14,94511
11.147,93269
11.155,90831
11.162,92173
11.169,94837
11.177,103410
11.184,116731
11.191,127078
11.199,137119
11.206,138607
11.213,135382
11.221,129629
11.228,123357
11.235,115668
11.243,110829
11.25,105741
11.257,99368
11.265,96261
11.272,92157
11.279,88750
11.286,84881
11.294,84427
11.301,83682
11.308,83875
11.316,83444
11.323,86312
11.33,87436
11.338,86419
11.345,86068
11.352,85661
11.36,85790
11.367,85727
11.374,86924
11.382,88871
11.389,91873
11.396,94554
11.404,100283
11.411,114215
11.418,140011
11.426,186734
11.433,249748
11.44,317624
11.448,375253
11.455,401734
11.462,394711
11.47,355661
11.477,305649
11.484,256088
11.492,222416
11.499,194469
11.506,179640
11.513,170015
11.521,163881
11.528,163179
11.535,159773
11.543,159956
11.55,159448
11.557,163731
11.565,172902
11.572,190665
11.579,215865
11.587,247326
11.594,277840
11.601,302575
11.609,312792
11.616,301518
11.623,276666
11.631,252952
11.638,230540
11.645,214565
11.653,205171
11.66,200720
11.667,197325
11.675,190486
11.682,183948
11.689,177404
11.697,166193
11.704,161602
11.711,153130
11.718,147953
11.726,139305
11.733,134140
11.74,131981
11.748,129582
11.755,128587
11.762,127177
11.77,125523
11.777,125254
11.784,123309
11.792,123877
11.799,124706
11.806,128029
11.814,131779
11.821,133684
11.828,135375
11.836,136495
11.843,133813
11.85,130812
11.858,128261
11.865,127348
11.872,129097
11.88,130299
11.887,132039
11.894,130976
11.902,128986
11.909,128270
11.916,130330
11.924,132524
11.931,136239
11.938,140389
11.945,141756
11.953,141715
11.96,139116
11.967,138126
11.975,134136
11.982,131399
11.989,127470
11.997,123826
12.004,115954
12.011,111452
12.019,107787
12.026,103351
12.033,100281
12.041,102315
12.048,103761
12.055,108690
12.063,110936
12.07,113513
12.077,116163
12.085,117260
12.092,117207
12.099,116423
12.107,115483
12.114,113111
12.121,113912
12.129,114332
12.136,116638
12.143,119308
12.15,120084
12.158,118728
12.165,116545
12.172,114054
12.18,112635
12.187,107890
12.194,107873
12.202,105143
12.209,107652
12.216,109621
12.224,116346
12.231,121008
12.238,123580
12.246,126304
12.253,125594
12.26,123097
12.268,120100
12.275,128272
12.282,145701
12.29,175478
12.297,205001
12.304,229911
12.312,236548
12.319,233669
12.326,231289
12.334,227446
12.341,223204
12.348,219564
12.355,214999
12.363,204541
12.37,194304
12.377,182795
12.385,175519
12.392,167258
12.399,158869
12.407,154666
12.414,152719
12.421,149747
12.429,146485
12.436,141712
12.443,135478
12.451,133339
12.458,129473
12.465,127967
12.473,126436
12.48,125409
12.487,125351
12.495,125496
12.502,129149
12.509,131531
12.517,136393
12.524,136296
12.531,135409
12.539,134437
12.546,130260
12.553,128081
12.561,125702
12.568,124497
12.575,124333
12.582,124932
12.59,126498
12.597,126736
12.604,127999
12.612,126593
12.619,124715
12.626,121557
12.634,120567
12.641,123187
12.648,122978
12.656,123011
12.663,123277
12.67,123008
12.678,124819
12.685,124572
12.692,126878
12.7,130282
12.707,137136
12.714,145228
12.722,155534
12.729,168448
12.736,181071
12.744,189478
12.751,191176
12.758,187290
12.766,178223
12.773,168159
12.78,158555
12.787,152954
12.795,147075
12.802,142738
12.809,140740
12.817,136407
12.824,134159
12.831,132088
12.839,128772
12.846,126050
12.853,123780
12.861,124720
12.868,126434
12.875,129065
12.883,132576
12.89,139625
12.897,140728
12.905,141449
12.912,140787
12.919,137455
12.927,133618
12.934,129126
12.941,128608
12.949,126199
12.956,123258
12.963,121197
12.971,119855
12.978,118047
12.985,114524
12.993,113850
13,113763
13.007,113650
13.014,116381
13.022,118691
13.029,124685
13.036,129306
13.044,133903
13.051,138900
13.058,140052
13.066,141487
13.073,141400
13.08,143139
13.088,141149
13.095,141088
13.102,139835
13.11,138203
13.117,139382
13.124,145837
13.132,155619
13.139,172629
13.146,191849
13.154,207440
13.161,213884
13.168,215139
13.176,208103
13.183,192053
13.19,183537
13.198,177570
13.205,170940
13.212,165831
13.219,158868
13.227,153169
13.234,146395
13.241,139864
13.249,135522
13.256,136763
13.263,144208
13.271,156290
13.278,173150
13.285,191651
13.293,204521
13.3,213515
13.307,212027
13.315,209110
13.322,203365
13.329,193719
13.337,186704
13.344,180349
13.351,173695
13.359,173095
13.366,171896
13.373,179313
13.381,191370
13.388,207180
13.395,222125
13.403,228476
13.41,230450
13.417,227090
13.425,218851
13.432,208326
13.439,198133
13.446,187693
13.454,180376
13.461,177263
13.468,171668
13.476,165885
13.483,159754
13.49,155843
13.498,154970
13.505,161516
13.512,175417
13.52,199620
13.527,228493
13.534,255987
13.542,273642
13.549,277837
13.556,276148
13.564,264250
13.571,250458
13.578,239671
13.586,231730
13.593,223369
13.6,215189
13.608,203230
13.615,191440
13.622,182107
13.63,168397
13.637,156555
13.644,150266
13.651,143617
13.659,138968
13.666,136676
13.673,135754
13.681,133368
13.688,131906
13.695,131693
13.703,130654
13.71,131497
13.717,133251
13.725,134044
13.732,134315
13.739,134033
13.747,136168
13.754,135524
13.761,134644
13.769,134752
13.776,136476
13.783,135540
13.791,136181
13.798,137448
13.805,138516
13.813,139247
13.82,138762
13.827,137352
13.835,136407
13.842,136666
13.849,138916
13.857,141055
13.864,140920
13.871,138742
13.878,136506
13.886,133293
13.893,129980
13.9,126478
13.908,125514
13.915,124107
13.922,123840
13.93,123613
13.937,124195
13.944,128151
13.952,129670
13.959,132081
13.966,136111
13.974,139815
13.981,143631
13.988,146207
13.996,152980
14.003,159691
14.01,165359
14.018,170784
14.025,173231
14.032,167577
14.04,161285
14.047,157099
14.054,149567
14.062,150634
14.069,149097
14.076,150960
14.083,151465
14.091,155984
14.098,160981
14.105,164103
14.113,167374
14.12,168257
14.127,168744
14.135,171068
14.142,169576
14.149,170403
14.157,173586
14.164,173501
14.171,173757
14.179,173750
14.186,171082
14.193,170696
14.201,168010
14.208,168137
14.215,166038
14.223,164816
14.23,166634
14.237,168619
14.245,173361
14.252,176545
14.259,178070
14.267,183016
14.274,183413
14.281,186775
14.288,186796
14.296,184804
14.303,178492
14.31,175814
14.318,171181
14.325,166310
14.332,165412
14.34,168044
14.347,172801
14.354,179784
14.362,192025
14.369,198222
14.376,205504
14.384,203299
14.391,197385
14.398,184376
14.406,172752
14.413,162514
14.42,152599
14.428,147143
14.435,140184
14.442,137572
14.45,134020
14.457,133127
14.464,134444
14.472,137001
14.479,137418
14.486,136704
14.494,140587
14.501,139647
14.508,140638
14.515,141175
14.523,142480
14.53,140587
14.537,141573
14.545,141381
14.552,138366
14.559,135722
14.567,136735
14.574,136653
14.581,140469
14.589,144314
14.596,153102
14.603,165458
14.611,172783
14.618,182441
14.625,185435
14.633,186052
14.64,182228
14.647,177331
14.655,168679
14.662,165041
14.669,160105
14.677,156982
14.684,153732
14.691,152390
14.699,148626
14.706,145351
14.713,143286
14.72,138477
14.728,138678
14.735,136969
14.742,133988
14.75,134097
14.757,140556
14.764,152492
14.772,181647
14.779,224428
14.786,270723
14.794,309629
14.801,329139
14.808,329754
14.816,322465
14.823,310739
14.83,290650
14.838,273606
14.845,255094
14.852,239827
14.86,227149
14.867,217522
14.874,205463
14.882,198056
14.889,193252
14.896,196960
14.904,212942
14.911,246273
14.918,289899
14.926,337375
14.933,368275
14.94,377319
14.947,364918
14.955,338123
14.962,301286
14.969,267789
14.977,239433
14.984,216013
14.991,203194
14.999,190582
15.006,182637
15.013,175908
15.021,166274
15.028,159083
15.035,151792
15.043,146909
15.05,141218
15.057,139718
15.065,138356
15.072,139047
15.079,139749
15.087,138456
15.094,138192
15.101,135254
15.109,133760
15.116,133505
15.123,131880
15.131,133238
15.138,132566
15.145,136890
15.152,139803
15.16,143191
15.167,145800
15.174,146512
15.182,149114
15.189,150274
15.196,153702
15.204,158356
15.211,161165
15.218,163464
15.226,164801
15.233,160389
15.24,157060
15.248,157279
15.255,156053
15.262,155721
15.27,155235
15.277,154356
15.284,151106
15.292,155267
15.299,153244
15.306,153735
15.314,154805
15.321,154167
15.328,156328
15.336,155516
15.343,155260
15.35,155736
15.358,154505
15.365,153102
15.372,153520
15.379,152292
15.387,153129
15.394,148690
15.401,148263
15.409,143945
15.416,140746
15.423,142664
15.431,142143
15.438,146376
15.445,147340
15.453,152412
15.46,153825
15.467,154080
15.475,156296
15.482,154096
15.489,155817
15.497,156322
15.504,153465
15.511,153102
15.519,151284
15.526,151320
15.533,150985
15.541,151117
15.548,151173
15.555,149890
15.563,150151
15.57,151775
15.577,151673
15.584,158351
15.592,159210
15.599,164712
15.606,165119
15.614,163443
15.621,162661
15.628,160973
15.636,163126
15.643,161132
15.65,161982
15.658,165945
15.665,173260
15.672,185910
15.68,210747
15.687,238713
15.694,272508
15.702,301419
15.709,314971
15.716,323760
15.724,322307
15.731,312654
15.738,300748
15.746,288387
15.753,268326
15.76,247514
15.768,226131
15.775,206001
15.782,192042
15.79,176357
15.797,168565
15.804,164775
15.811,158441
15.819,165656
15.826,168568
15.833,177368
15.841,183429
15.848,181941
15.855,176696
15.863,170209
15.87,159755
15.877,151884
15.885,143935
15.892,139104
15.899,136052
15.907,135349
15.914,134152
15.921,134483
15.929,132010
15.936,130437
15.943,130900
15.951,129300
15.958,132174
15.965,135738
15.973,138476
15.98,143090
15.987,147658
15.995,152189
16.002,156141
16.009,160368
16.016,162975
16.024,174805
16.031,199013
16.038,240467
16.046,304353
16.053,383403
16.06,457572
16.068,506293
16.075,523916
16.082,499501
16.09,441542
16.097,375980
16.104,313778
16.112,268875
16.119,231638
16.126,209036
16.134,196037
16.141,184067
16.148,179837
16.156,176911
16.163,176164
16.17,174865
16.178,171436
16.185,170896
16.192,169291
16.2,169881
16.207,175555
16.214,181066
16.221,184556
16.229,183199
16.236,177804
16.243,168669
16.251,160562
16.258,150848
16.265,145051
16.273,138448
16.28,137112
16.287,134628
16.295,136209
16.302,138388
16.309,143033
16.317,149352
16.324,156935
16.331,163543
16.339,168791
16.346,172231
16.353,176772
16.361,179632
16.368,184103
16.375,187829
16.383,189413
16.39,189315
16.397,184667
16.405,176918
16.412,167218
16.419,160989
16.427,162373
16.434,176484
16.441,206723
16.448,249710
16.456,300130
16.463,341977
16.47,366516
16.478,356773
16.485,327989
16.492,291045
16.5,257897
16.507,233360
16.514,208828
16.522,191724
16.529,181240
16.536,170300
16.544,164327
16.551,158539
16.558,154082
16.566,150327
16.573,146730
16.58,146480
16.588,146811
16.595,148714
16.602,149607
16.61,156044
16.617,157551
16.624,158803
16.632,157340
16.639,156221
16.646,155080
16.653,150857
16.661,146206
16.668,144857
16.675,141374
16.683,141014
16.69,141664
16.697,138674
16.705,140276
16.712,139862
16.719,137077
16.727,138360
16.734,136084
16.741,133552
16.749,135802
16.756,133624
16.763,137414
16.771,138690
16.778,139801
16.785,141193
16.793,144017
16.8,144398
16.807,140377
16.815,143343
16.822,140517
16.829,139414
16.837,137408
16.844,132382
16.851,131945
16.858,130811
16.866,130052
16.873,128034
16.88,127579
16.888,126216
16.895,125950
16.902,128132
16.91,127450
16.917,129127
16.924,128089
16.932,127416
16.939,128785
16.946,131413
16.954,133037
16.961,133258
16.968,134364
16.976,133461
16.983,131940
16.99,128103
16.998,126312
17.005,124841
17.012,122950
17.02,120559
17.027,122775
17.034,125698
17.042,127872
17.049,130334
17.056,130018
17.064,129114
17.071,128414
17.078,125913
17.085,124231
17.093,124955
17.1,121353
17.107,120012
17.115,117124
17.122,116194
17.129,114485
17.137,110778
17.144,110891
17.151,110950
17.159,110159
17.166,111611
17.173,112188
17.181,113983
17.188,117651
17.195,120883
17.203,120127
17.21,122483
17.217,125773
17.225,130830
17.232,139564
17.239,157563
17.247,181722
17.254,213447
17.261,249796
17.269,274845
17.276,286099
17.283,277658
17.291,255009
17.298,225494
17.305,199411
17.312,179575
17.32,162845
17.327,151733
17.334,147499
17.342,141824
17.349,140350
17.356,135646
17.364,129801
17.371,127937
17.378,124997
17.386,125000
17.393,121323
17.4,118161
17.408,115354
17.415,116595
17.422,115209
17.43,116695
17.437,115953
17.444,115738
17.452,115720
17.459,113028
17.466,114485
17.474,113205
17.481,116261
17.488,119655
17.496,123229
17.503,123187
17.51,121840
17.517,123639
17.525,119708
17.532,119057
17.539,116490
17.547,117212
17.554,114037
17.561,113847
17.569,111016
17.576,113022
17.583,111092
17.591,110127
17.598,109320
17.605,108717
17.613,111985
17.62,114837
17.627,116381
17.635,119892
17.642,121764
17.649,124978
17.657,127542
17.664,130202
17.671,130929
17.679,131613
17.686,131355
17.693,134441
17.701,132557
17.708,131978
17.715,132524
17.723,134026
17.73,136282
17.737,137004
17.744,137385
17.752,134814
17.759,131703
17.766,126278
17.774,124429
17.781,122112
17.788,122141
17.796,126967
17.803,138332
17.81,150670
17.818,168926
17.825,183142
17.832,195452
17.84,200674
17.847,210557
17.854,219433
17.862,236364
17.869,254945
17.876,264911
17.884,266804
17.891,254433
17.898,230922
17.906,203647
17.913,181594
17.92,162589
17.928,150642
17.935,141511
17.942,134510
17.949,130394
17.957,127105
17.964,124069
17.971,122640
17.979,121690
17.986,121552
17.993,122098
18.001,118253
18.008,120849
18.015,118256
18.023,117769
18.03,117235
18.037,118062
18.045,117777
18.052,119257
18.059,118815
18.067,118263
18.074,126712
18.081,133885
18.089,146210
18.096,164334
18.103,181393
18.111,194648
18.118,210696
18.125,228618
18.133,245035
18.14,260653
18.147,269824
18.154,269036
18.162,260007
18.169,239113
18.176,213374
18.184,191404
18.191,173521
18.198,164015
18.206,159146
18.213,157929
18.22,160471
18.228,165442
18.235,172732
18.242,182424
18.25,182367
18.257,181567
18.264,174934
18.272,161921
18.279,150140
18.286,140858
18.294,134372
18.301,128350
18.308,123502
18.316,123365
18.323,126901
18.33,133683
18.338,151038
18.345,178680
18.352,210768
18.36,242913
18.367,260352
18.374,268893
18.381,255338
18.389,234371
18.396,213771
18.403,194859
18.411,182703
18.418,171329
18.425,159922
18.433,152977
18.44,145888
18.447,140770
18.455,139168
18.462,137781
18.469,134040
18.477,129566
18.484,126476
18.491,124845
18.499,123436
18.506,124730
18.513,128406
18.521,130581
18.528,134876
18.535,137667
18.543,137645
18.55,138072
18.557,138893
18.565,138604
18.572,136679
18.579,132478
18.586,132777
18.594,127071
18.601,124109
18.608,123247
18.616,121042
18.623,121146
18.63,124255
18.638,125313
18.645,125661
18.652,126909
18.66,125266
18.667,124553
18.674,123353
18.682,119414
18.689,117680
18.696,116487
18.704,116300
18.711,116695
18.718,118412
18.726,115885
18.733,119157
18.74,120010
18.748,119111
18.755,122151
18.762,123235
18.77,124644
18.777,126904
18.784,128188
18.791,129984
18.799,135798
18.806,139321
18.813,144689
18.821,152456
18.828,167694
18.835,189047
18.843,220889
18.85,253805
18.857,279780
18.865,299505
18.872,303468
18.879,306079
18.887,296650
18.894,286516
18.901,265878
18.909,238918
18.916,213123
18.923,192783
18.931,174584
18.938,160227
18.945,149502
18.953,143094
18.96,139613
18.967,136259
18.975,129908
18.982,124962
18.989,122583
18.997,115879
19.004,117310
19.011,116247
19.018,116724
19.026,118679
19.033,116377
19.04,117321
19.048,115459
19.055,113974
19.062,112896
19.07,112777
19.077,114237
19.084,118192
19.092,127628
19.099,139113
19.106,154750
19.114,170372
19.121,175066
19.128,176702
19.136,171556
19.143,160739
19.15,152737
19.158,144193
19.165,138218
19.172,130607
19.18,126229
19.187,120085
19.194,114862
19.202,111169
19.209,106542
19.216,104621
19.224,104282
19.231,104676
19.238,103809
19.245,105574
19.253,108704
19.26,109282
19.267,111656
19.275,112549
19.282,115284
19.289,116734
19.297,118842
19.304,119286
19.311,119534
19.319,117874
19.326,117448
19.333,115549
19.341,112272
19.348,110158
19.355,110407
19.363,112087
19.37,109506
19.377,109925
19.385,108433
19.392,107928
19.399,106032
19.407,105498
19.414,104008
19.421,104065
19.429,103943
19.436,102652
19.443,105760
19.45,109007
19.458,117751
19.465,126357
19.472,139641
19.48,147483
19.487,154452
19.494,156463
19.502,150073
19.509,137816
19.516,127701
19.524,118824
19.531,112702
19.538,104535
19.546,104476
19.553,103884
19.56,107664
19.568,109714
19.575,112019
19.582,114010
19.59,111718
19.597,109768
19.604,109254
19.612,107901
19.619,104592
19.626,105388
19.634,104744
19.641,104387
19.648,106956
19.656,112509
19.663,117236
19.67,130419
19.677,147041
19.685,167921
19.692,186961
19.699,204163
19.707,216246
19.714,216049
19.721,203699
19.729,190525
19.736,169780
19.743,155226
19.751,138096
19.758,127603
19.765,118711
19.773,114647
19.78,110490
19.787,108510
19.795,107732
19.802,106330
19.809,107978
19.817,109185
19.824,107271
19.831,107303
19.839,106766
19.846,104039
19.853,104454
19.861,107361
19.868,109200
19.875,115603
19.882,122722
19.89,132782
19.897,149762
19.904,173837
19.912,194207
19.919,213448
19.926,217159
19.934,214125
19.941,197358
19.948,176296
19.956,151807
19.963,137564
19.97,126747
19.978,119315
19.985,116351
19.992,116153
20,115567
20.007,116656
20.014,116167
20.022,115404
20.029,114747
20.036,113132
20.044,114302
20.051,112103
20.058,116295
20.066,120909
20.073,128451
20.08,135628
20.088,142611
20.095,146199
20.102,147828
20.109,150929
20.117,149640
20.124,150927
20.131,151231
20.139,153408
20.146,155616
20.153,158148
20.161,160273
20.168,158192
20.175,158820
20.183,157669
20.19,159789
20.197,165223
20.205,175735
20.212,185072
20.219,185674
20.227,179304
20.234,165613
20.241,151162
20.249,134322
20.256,123189
20.263,112174
20.271,105412
20.278,100637
20.285,97862
20.293,99985
20.3,103505
20.307,113567
20.314,122688
20.322,136258
20.329,148197
20.336,152303
20.344,149310
20.351,139689
20.358,130514
20.366,121551
20.373,113933
20.38,110904
20.388,106809
20.395,105220
20.402,105420
20.41,106504
20.417,104440
20.424,105858
20.432,109650
20.439,110598
20.446,113989
20.454,115405
20.461,117387
20.468,115458
20.476,114961
20.483,115852
20.49,119927
20.498,132454
20.505,146064
20.512,165863
20.519,184934
20.527,193231
20.534,193231
20.541,184609
20.549,170354
20.556,150849
20.563,135643
20.571,122803
20.578,115297
20.585,109186
20.593,109327
20.6,107673
20.607,109030
20.615,112206
20.622,114578
20.629,115932
20.637,115347
20.644,113087
20.651,111295
20.659,105811
20.666,101666
20.673,101788
20.681,99582
20.688,97714
20.695,96005
20.703,94441
20.71,92646
20.717,92398
20.725,90425
20.732,90472
20.739,93047
20.746,96937
20.754,103845
20.761,115758
20.768,131080
20.776,162291
20.783,217542
20.79,293185
20.798,402129
20.805,529683
20.812,652112
20.82,740727
20.827,758883
20.834,695431
20.842,559560
20.849,399660
20.856,278276
20.864,196854
20.871,155612
20.878,134605
20.886,132617
20.893,135085
20.9,145916
20.908,154320
20.915,159111
20.922,158335
20.93,150745
20.937,142659
20.944,132040
20.951,124946
20.959,121508
20.966,117906
20.973,117177
20.981,119526
20.988,125865
20.995,129638
21.003,136336
21.01,140376
21.017,138513
21.025,133586
21.032,128566
21.039,118039
21.047,112189
21.054,106761
21.061,104335
21.069,103081
21.076,102915
21.083,106298
21.091,108666
21.098,110554
21.105,111635
21.113,110846
21.12,111367
21.127,111358
21.135,109608
21.142,111142
21.149,107714
21.157,110072
21.164,111680
21.171,114319
21.178,123762
21.186,135646
21.193,154304
21.2,188536
21.208,239494
21.215,315157
21.222,432850
21.23,591043
21.237,785580
21.244,1025101
21.252,1298625
21.259,1584908
21.266,1848937
21.274,2148563
21.281,2450828
21.288,2733877
21.296,3001965
21.303,3263985
21.31,3352075
21.318,2861169
21.325,1521970
21.332,575924
21.34,339989
21.347,304521
21.354,300833
21.362,296721
21.369,284370
21.376,249126
21.383,208352
21.391,169634
21.398,138806
21.405,123022
21.413,115045
21.42,110527
21.427,108919
21.435,102804
21.442,101381
21.449,102713
21.457,100997
21.464,101817
21.471,102044
21.479,101825
21.486,101927
21.493,96857
21.501,95798
21.508,93558
21.515,91705
21.523,94172
21.53,99082
21.537,110919
21.545,131817
21.552,156787
21.559,177132
21.567,189733
21.574,184136
21.581,163124
21.589,144111
21.596,123923
21.603,110124
21.61,102005
21.618,96993
21.625,94069
21.632,93630
21.64,91634
21.647,90614
21.654,87694
21.662,87622
21.669,86313
21.676,84400
21.684,83542
21.691,83321
21.698,83888
21.706,84392
21.713,82328
21.72,80212
21.728,80286
21.735,81292
21.742,77097
21.75,76379
21.757,77266
21.764,76680
21.772,74710
21.779,75209
21.786,74216
21.794,73925
21.801,72920
21.808,73270
21.815,72563
21.823,72235
21.83,72972
21.837,72308
21.845,72355
21.852,73362
21.859,73856
21.867,75618
21.874,74289
21.881,74525
21.889,75319
21.896,73798
21.903,74308
21.911,74605
21.918,76401
21.925,77030
21.933,79859
21.94,81942
21.947,80895
21.955,79512
21.962,80414
21.969,79924
21.977,80941
21.984,90430
21.991,99833
21.999,112422
22.006,126113
22.013,133478
22.021,140121
22.028,148531
22.035,159180
22.042,180339
22.05,211454
22.057,246410
22.064,287064
22.072,304338
22.079,304403
22.086,285176
22.094,247148
22.101,203228
22.108,164017
22.116,131629
22.123,109579
22.13,99837
22.138,91824
22.145,88114
22.152,84705
22.16,82370
22.167,82176
22.174,81262
22.182,81286
22.189,79972
22.196,82153
22.204,80270
22.211,81955
22.218,78787
22.226,78896
22.233,79556
22.24,80408
22.247,82173
22.255,85239
22.262,86669
22.269,86753
22.277,83327
22.284,81430
22.291,79568
22.299,77295
22.306,77444
22.313,77750
22.321,77500
22.328,77602
22.335,78905
22.343,78085
22.35,75701
22.357,76062
22.365,73264
22.372,71650
22.379,71353
22.387,68947
22.394,70395
22.401,70464
22.409,72981
22.416,74553
22.423,78904
22.431,81980
22.438,83763
22.445,83251
22.452,79208
22.46,79378
22.467,80296
22.474,79847
22.482,88013
22.489,101505
22.496,122102
22.504,149327
22.511,182940
22.518,212819
22.526,234304
22.533,237509
22.54,225644
22.548,194419
22.555,168750
22.562,141628
22.57,122486
22.577,105625
22.584,96458
22.592,91199
22.599,85980
22.606,86585
22.614,84323
22.621,85097
22.628,82336
22.636,82201
22.643,82406
22.65,80263
22.658,80569
22.665,79287
22.672,78721
22.679,75828
22.687,74500
22.694,73201
22.701,74145
22.709,75771
22.716,76790
22.723,78755
22.731,80438
22.738,80654
22.745,81507
22.753,83793
22.76,84046
22.767,84236
22.775,86056
22.782,84374
22.789,87565
22.797,95659
22.804,102718
22.811,117087
22.819,130317
22.826,137440
22.833,142657
22.841,137765
22.848,127923
22.855,116816
22.863,108361
22.87,100192
22.877,93989
22.884,88595
22.892,84318
22.899,79363
22.906,79899
22.914,82999
22.921,89668
22.928,103322
22.936,117926
22.943,129686
22.95,138684
22.958,140725
22.965,134477
22.972,124586
22.98,110294
22.987,99253
22.994,89636
23.002,84620
23.009,82542
23.016,79655
23.024,79408
23.031,79845
23.038,79092
23.046,79460
23.053,76248
23.06,75114
23.068,73019
23.075,74598
23.082,73033
23.09,73863
23.097,74212
23.104,76416
23.111,75199
23.119,75100
23.126,72405
23.133,70231
23.141,69584
23.148,69776
23.155,70226
23.163,68378
23.17,71416
23.177,72601
23.185,77651
23.192,81624
23.199,90005
23.207,97099
23.214,104371
23.221,110369
23.229,117832
23.236,127455
23.243,147961
23.251,175385
23.258,209391
23.265,239121
23.273,259206
23.28,257642
23.287,226192
23.295,184938
23.302,144130
23.309,116876
23.316,96663
23.324,85164
23.331,83360
23.338,81730
23.346,82363
23.353,81018
23.36,82103
23.368,82890
23.375,82638
23.382,80448
23.39,77754
23.397,77344
23.404,77461
23.412,77742
23.419,78202
23.426,79924
23.434,82517
23.441,83512
23.448,83740
23.456,80961
23.463,81362
23.47,80637
23.478,83006
23.485,91078
23.492,104264
23.5,131625
23.507,182684
23.514,255052
23.522,346826
23.529,434179
23.536,504381
23.543,520643
23.551,466625
23.558,365894
23.565,271151
23.573,190256
23.58,145026
23.587,124399
23.595,119883
23.602,129867
23.609,142766
23.617,154207
23.624,159617
23.631,153588
23.639,140050
23.646,124504
23.653,118444
23.661,123173
23.668,143010
23.675,168771
23.683,195024
23.69,216122
23.697,215329
23.705,204868
23.712,178075
23.719,151440
23.727,125974
23.734,104035
23.741,89418
23.748,79765
23.756,71634
23.763,67742
23.77,64810
23.778,62999
23.785,63264
23.792,64605
23.8,67235
23.807,69480
23.814,71843
23.822,73439
23.829,69977
23.836,68974
23.844,66488
23.851,63890
23.858,61689
23.866,62821
23.873,63207
23.88,61337
23.888,59984
23.895,60904
23.902,60624
23.91,61404
23.917,64339
23.924,68026
23.932,74518
23.939,78774
23.946,82592
23.954,84197
23.961,81674
23.968,78449
23.975,74818
23.983,70715
23.99,67892
23.997,65851
24.005,65692
24.012,66267
24.019,66258
24.027,67482
24.034,66322
24.041,66119
24.049,66792
24.056,66380
24.063,68061
24.071,71716
24.078,76265
24.085,80928
24.093,85711
24.1,90928
24.107,97274
24.115,102518
24.122,111977
24.129,120463
24.137,127003
24.144,131921
24.151,127010
24.159,116312
24.166,105322
24.173,97996
24.18,92888
24.188,95274
24.195,99316
24.202,102115
24.21,102294
24.217,97633
24.224,92848
24.232,87837
24.239,83183
24.246,81554
24.254,81106
24.261,83522
24.268,88060
24.276,89463
24.283,87048
24.29,84678
24.298,81411
24.305,78547
24.312,77660
24.32,79653
24.327,84515
24.334,91346
24.342,92547
24.349,92069
24.356,87725
24.364,80464
24.371,77074
24.378,71711
24.385,69741
24.393,68691
24.4,67501
24.407,66264
24.415,64776
24.422,63970
24.429,60991
24.437,62907
24.444,63262
24.451,63498
24.459,62842
24.466,62089
24.473,59962
24.481,58320
24.488,57550
24.495,54641
24.503,54218
24.51,55354
24.517,54016
24.525,53759
24.532,53761
24.539,52456
24.547,52621
24.554,52179
24.561,51277
24.569,53073
24.576,53833
24.583,53675
24.591,55004
24.598,56533
24.605,57284
24.612,61022
24.62,61124
24.627,63647
24.634,63853
24.642,66772
24.649,70226
24.656,74780
24.664,84513
24.671,94462
24.678,110383
24.686,131106
24.693,149336
24.7,160900
24.708,167296
24.715,157980
24.722,137792
24.73,117072
24.737,102412
24.744,95923
24.752,96141
24.759,99435
24.766,99637
24.774,97178
24.781,96886
24.788,97804
24.796,103097
24.803,107858
24.81,112879
24.817,115746
24.825,113308
24.832,109748
24.839,104954
24.847,96144
24.854,90166
24.861,82541
24.869,75787
24.876,72713
24.883,71087
24.891,72229
24.898,78582
24.905,81687
24.913,87305
24.92,90890
24.927,95171
24.935,97559
24.942,99943
24.949,99849
24.957,95760
24.964,93576
24.971,87065
24.979,80211
24.986,76202
24.993,69826
25.001,66282
25.008,62473
25.015,63543
25.023,67608
25.03,72957
25.037,79909
25.044,83167
25.052,88146
25.059,88631
25.066,84140
25.074,81565
25.081,75550
25.088,71336
25.096,68698
25.103,66254
25.11,66690
25.118,64829
25.125,63424
25.132,62390
25.14,61352
25.147,59831
25.154,57486
25.162,58993
25.169,57291
25.176,60589
25.184,59727
25.191,60948
25.198,62495
25.206,62450
25.213,62537
25.22,63281
25.228,62150
25.235,58891
25.242,59572
25.249,60022
25.257,59653
25.264,58664
25.271,59612
25.279,61265
25.286,59895
25.293,60531
25.301,59983
25.308,61471
25.315,64668
25.323,69134
25.33,74908
25.337,79744
25.345,84679
25.352,84449
25.359,82380
25.367,79068
25.374,73179
25.381,68205
25.389,66532
25.396,60953
25.403,58887
25.411,57620
25.418,58247
25.425,58283
25.433,61147
25.44,67997
25.447,73850
25.454,79765
25.462,83977
25.469,89335
25.476,92874
25.484,89217
25.491,85592
25.498,81170
25.506,76602
25.513,69711
25.52,63597
25.528,57498
25.535,55911
25.542,54058
25.55,52420
25.557,54134
25.564,53944
25.572,54549
25.579,51956
25.586,51959
25.594,50035
25.601,48847
25.608,47369
25.616,48873
25.623,52070
25.63,53737
25.638,58834
25.645,66889
25.652,77854
25.66,94324
25.667,122371
25.674,160675
25.681,225875
25.689,309893
25.696,419775
25.703,556382
25.711,711021
25.718,875269
25.725,1061917
25.733,1266795
25.74,1485761
25.747,1719153
25.755,1943315
25.762,2206424
25.769,2481199
25.777,2742823
25.784,2986890
25.791,3248533
25.799,3473040
25.806,3678489
25.813,3927767
25.821,4119802
25.828,4342605
25.835,4515016
25.843,4707123
25.85,4902053
25.857,5059184
25.865,5189827
25.872,5260321
25.879,5368502
25.887,5449467
25.894,4900199
25.901,1470626
25.908,331409
25.916,253380
25.923,234668
25.93,213697
25.938,193929
25.945,168782
25.952,148101
25.96,133690
25.967,128927
25.974,125527
25.982,120674
25.989,112832
25.996,108717
26.004,101895
26.011,96553
26.018,89811
26.026,86748
26.033,86019
26.04,87371
26.048,92934
26.055,100327
26.062,106842
26.07,112710
26.077,118952
26.084,122104
26.092,122784
26.099,118410
26.106,106883
26.113,95249
26.121,81860
26.128,74725
26.135,70401
26.143,68099
26.15,65380
26.157,67144
26.165,66263
26.172,62505
26.179,59900
26.187,59572
26.194,59449
26.201,58667
26.209,61440
26.216,72673
26.223,94672
26.231,139935
26.238,220342
26.245,349438
26.253,514685
26.26,720420
26.267,947137
26.275,1169197
26.282,1339415
26.289,1372680
26.297,1220716
26.304,873084
26.311,528888
26.318,273183
26.326,155794
26.333,107407
26.34,87520
26.348,81240
26.355,77976
26.362,81548
26.37,87986
26.377,97826
26.384,109880
26.392,119042
26.399,124091
26.406,122330
26.414,116819
26.421,104633
26.428,93251
26.436,86699
26.443,79952
26.45,79111
26.458,82748
26.465,92663
26.472,106223
26.48,118580
26.487,124051
26.494,119184
26.502,110057
26.509,100992
26.516,95561
26.524,94698
26.531,97372
26.538,100476
26.545,100402
26.553,95446
26.56,88129
26.567,79937
26.575,70998
26.582,66650
26.589,62017
26.597,57871
26.604,53639
26.611,51112
26.619,48270
26.626,48144
26.633,46270
26.641,47215
26.648,48127
26.655,48334
26.663,50192
26.67,52282
26.677,50891
26.685,50946
26.692,49856
26.699,49452
26.707,48008
26.714,44499
26.721,45418
26.729,43471
26.736,41755
26.743,42078
26.75,44574
26.758,46669
26.765,49447
26.772,53651
26.78,56303
26.787,58043
26.794,57753
26.802,55202
26.809,54411
26.816,53834
26.824,54280
26.831,54848
26.838,56294
26.846,59754
26.853,61447
26.86,61483
26.868,61649
26.875,59994
26.882,61690
26.89,62818
26.897,66263
26.904,68608
26.912,71042
26.919,67612
26.926,64345
26.934,58954
26.941,55507
26.948,53606
26.956,53912
26.963,57320
26.97,59471
26.977,62800
26.985,66009
26.992,69181
26.999,71222
27.007,78156
27.014,84942
27.021,91007
27.029,93580
27.036,92659
27.043,91167
27.051,84392
27.058,77991
27.065,72149
27.073,66641
27.08,62550
27.087,57895
27.095,54012
27.102,52345
27.109,50739
27.117,48799
27.124,47107
27.131,48042
27.139,46927
27.146,47561
27.153,49932
27.161,51937
27.168,55885
27.175,64239
27.182,72436
27.19,81285
27.197,88572
27.204,92851
27.212,90672
27.219,85543
27.226,80660
27.234,71237
27.241,66210
27.248,64137
27.256,62748
27.263,61330
27.27,63053
27.278,63661
27.285,66618
27.292,66094
27.3,65225
27.307,62469
27.314,59847
27.322,59087
27.329,59104
27.336,59237
27.344,59986
27.351,62024
27.358,63249
27.366,60438
27.373,61718
27.38,61954
27.388,64555
27.395,67557
27.402,71101
27.409,74056
27.417,77126
27.424,73128
27.431,71764
27.439,66839
27.446,64590
27.453,64120
27.461,64363
27.468,64683
27.475,66432
27.483,66680
27.49,68428
27.497,68514
27.505,68896
27.512,69198
27.519,68974
27.527,68864
27.534,73357
27.541,84051
27.549,106344
27.556,138064
27.563,170560
27.571,200828
27.578,212829
27.585,206296
27.593,181828
27.6,149017
27.607,119475
27.614,103211
27.622,89384
27.629,81460
27.636,77162
27.644,72462
27.651,68968
27.658,63840
27.666,61246
27.673,59397
27.68,59310
27.688,59793
27.695,60805
27.702,62897
27.71,61257
27.717,60807
27.724,56969
27.732,52760
27.739,52704
27.746,51057
27.754,49959
27.761,49676
27.768,51486
27.776,52677
27.783,56175
27.79,55527
27.798,61455
27.805,69083
27.812,86161
27.82,119371
27.827,174097
27.834,250535
27.841,348278
27.849,438263
27.856,505678
27.863,517437
27.871,456929
27.878,352332
27.885,247530
27.893,165116
27.9,117061
27.907,91074
27.915,76104
27.922,70020
27.929,64062
27.937,61000
27.944,58763
27.951,55703
27.959,56933
27.966,54760
27.973,56471
27.981,55649
27.988,55207
27.995,55436
28.003,53248
28.01,52580
28.017,52193
28.025,56724
28.032,67271
28.039,89404
28.046,122078
28.054,170069
28.061,228433
28.068,285925
28.076,310523
28.083,296592
28.09,247273
28.098,182357
28.105,131370
28.112,94915
28.12,75202
28.127,63783
28.134,58557
28.142,54278
28.149,55013
28.156,54187
28.164,55991
28.171,55423
28.178,55483
28.186,55533
28.193,56986
28.2,56593
28.208,57978
28.215,58664
28.222,55539
28.23,52708
28.237,49595
28.244,49799
28.251,50150
28.259,48689
28.266,46863
28.273,45808
28.281,44597
28.288,40054
28.295,40546
28.303,39648
28.31,40599
28.317,39175
28.325,40667
28.332,40755
28.339,40904
28.347,42752
28.354,45437
28.361,48227
28.369,51878
28.376,57968
28.383,67011
28.391,71489
28.398,78757
28.405,82460
28.413,81335
28.42,78838
28.427,75365
28.435,70727
28.442,67132
28.449,63980
28.457,59483
28.464,60017
28.471,59320
28.478,59137
28.486,59430
28.493,58738
28.5,56666
28.508,53918
28.515,49487
28.522,46546
28.53,43847
28.537,40609
28.544,38267
28.552,38160
28.559,37975
28.566,37133
28.574,36030
28.581,36999
28.588,36651
28.596,36511
28.603,36919
28.61,37661
28.618,38465
28.625,41749
28.632,45534
28.64,51314
28.647,56436
28.654,57771
28.662,58765
28.669,55328
28.676,50666
28.683,46809
28.691,43211
28.698,44915
28.705,42163
28.713,41035
28.72,41355
28.727,39919
28.735,40774
28.742,40607
28.749,43114
28.757,44006
28.764,46819
28.771,48633
28.779,49055
28.786,47323
28.793,44675
28.801,43075
28.808,41054
28.815,38507
28.823,39019
28.83,38765
28.837,38637
28.845,40682
28.852,39943
28.859,41543
28.867,42107
28.874,42942
28.881,44797
28.889,45015
28.896,47038
28.903,47670
28.91,46287
28.918,44525
28.925,44211
28.932,46713
28.94,49627
28.947,54547
28.954,58023
28.962,59515
28.969,60051
28.976,59842
28.984,59279
28.991,56720
28.998,54837
29.006,52835
29.013,53708
29.02,51631
29.028,49501
29.035,48376
29.042,48100
29.05,45729
29.057,43865
29.064,42325
29.072,41270
29.079,41418
29.086,42968
29.094,45743
29.101,52225
29.108,62796
29.115,78029
29.123,99843
29.13,127501
29.137,152897
29.145,173471
29.152,181931
29.159,181893
29.167,167986
29.174,149885
29.181,129565
29.189,114889
29.196,107263
29.203,104673
29.211,104806
29.218,108707
29.225,109059
29.233,107103
29.24,103115
29.247,99181
29.255,93218
29.262,87547
29.269,80642
29.277,72457
29.284,66921
29.291,62440
29.299,57018
29.306,53707
29.313,51033
29.321,47599
29.328,45128
29.335,42593
29.342,41201
29.35,41398
29.357,40296
29.364,39645
29.372,40077
29.379,41236
29.386,42747
29.394,41788
29.401,42412
29.408,42166
29.416,41603
29.423,42105
29.43,41101
29.438,39425
29.445,38435
29.452,37269
29.46,36157
29.467,35917
29.474,36307
29.482,38321
29.489,39892
29.496,43528
29.504,46808
29.511,48691
29.518,49096
29.526,50062
29.533,49316
29.54,48243
29.547,48345
29.555,47351
29.562,48875
29.569,48096
29.577,46919
29.584,45420
29.591,43840
29.599,42225
29.606,41250
29.613,41043
29.621,40310
29.628,41584
29.635,42580
29.643,44893
29.65,47229
29.657,51571
29.665,52081
29.672,52704
29.679,53418
29.687,53404
29.694,52341
29.701,52062
29.709,50832
29.716,49888
29.723,50341
29.731,51971
29.738,51494
29.745,51157
29.753,52556
29.76,54102
29.767,57071
29.774,64811
29.782,70590
29.789,76600
29.796,74335
29.804,72968
29.811,66467
29.818,63412
29.826,64938
29.833,77507
29.84,105140
29.848,157880
29.855,240111
29.862,363727
29.87,524919
29.877,728750
29.884,943810
29.892,1196158
29.899,1454656
29.906,1711737
29.914,2013556
29.921,2306099
29.928,2573188
29.936,2768458
29.943,2836601
29.95,2424675
29.958,1393866
29.965,503391
29.972,200605
29.979,125015
29.987,105143
29.994,95051
30.001,87630
30.009,80884
30.016,73967
30.023,68758
30.031,63948
30.038,62366
30.045,60323
30.053,57852
30.06,54154
30.067,54524
30.075,51639
30.082,52174
30.089,49659
30.097,49638
30.104,47869
30.111,47315
30.119,46931
30.126,48149
30.133,51910
30.141,56194
30.148,59077
30.155,62667
30.163,63208
30.17,61144
30.177,59718
30.184,58337
30.192,56422
30.199,55147
30.206,52474
30.214,51221
30.221,50796
30.228,51614
30.236,49901
30.243,50007
30.25,49656
30.258,48074
30.265,46940
30.272,45956
30.28,43264
30.287,43502
30.294,41507
30.302,41620
30.309,42209
30.316,42067
30.324,43241
30.331,41601
30.338,41019
30.346,40832
30.353,39400
30.36,38784
30.368,36661
30.375,35355
30.382,35178
30.39,33434
30.397,34782
30.404,34017
30.411,33953
30.419,34722
30.426,36431
30.433,36695
30.441,37757
30.448,38931
30.455,39353
30.463,42579
30.47,41044
30.477,43206
30.485,43385
30.492,45495
30.499,45708
30.507,45650
30.514,45256
30.521,43469
30.529,40169
30.536,39539
30.543,39369
30.551,38630
30.558,42545
30.565,44064
30.573,47676
30.58,46578
30.587,45228
30.595,41834
30.602,38789
30.609,36507
30.616,36517
30.624,36730
30.631,36933
30.638,39178
30.646,41290
30.653,45746
30.66,51815
30.668,57071
30.675,62080
30.682,65989
30.69,68322
30.697,66288
30.704,63770
30.712,59188
30.719,59297
30.726,62046
30.734,66740
30.741,68566
30.748,68812
30.756,64975
30.763,59380
30.77,53354
30.778,47318
30.785,42779
30.792,42076
30.8,40528
30.807,38120
30.814,37554
30.822,37623
30.829,38115
30.836,37026
30.843,36416
30.851,35960
30.858,35964
30.865,36113
30.873,37349
30.88,38609
30.887,43563
30.895,50663
30.902,62833
30.909,77852
30.917,92913
30.924,104524
30.931,109362
30.939,105562
30.946,98430
30.953,92211
30.961,89562
30.968,89136
30.975,93661
30.983,98340
30.99,103544
30.997,106502
31.005,102546
31.012,98709
31.019,91487
31.027,82015
31.034,72003
31.041,65146
31.048,56925
31.056,53164
31.063,49019
31.07,44865
31.078,42133
31.085,39654
31.092,37584
31.1,36220
31.107,34441
31.114,33156
31.122,33224
31.129,32415
31.136,31384
31.144,31702
31.151,31540
31.158,32947
31.166,33557
31.173,36517
31.18,40776
31.188,43692
31.195,46361
31.202,46987
31.21,49179
31.217,46105
31.224,45938
31.232,46371
31.239,46819
31.246,46905
31.254,46705
31.261,46813
31.268,47129
31.275,45061
31.283,44929
31.29,42755
31.297,43113
31.305,40406
31.312,38456
31.319,37336
31.327,36260
31.334,35638
31.341,35527
31.349,37643
31.356,40315
31.363,43986
31.371,50864
31.378,57811
31.385,63774
31.393,64924
31.4,64818
31.407,60706
31.415,59897
31.422,60862
31.429,65413
31.437,71658
31.444,77786
31.451,82236
31.459,81433
31.466,77281
31.473,75922
31.48,74236
31.488,74019
31.495,75750
31.502,77679
31.51,81790
31.517,87859
31.524,96178
31.532,106431
31.539,113646
31.546,116376
31.554,114998
31.561,114912
31.568,105921
31.576,100220
31.583,92888
31.59,93520
31.598,91092
31.605,92458
31.612,93106
31.62,96023
31.627,97886
31.634,101882
31.642,107629
31.649,109277
31.656,108229
31.664,103101
31.671,96804
31.678,90451
31.686,85843
31.693,83701
31.7,83888
31.707,85448
31.715,84344
31.722,83028
31.729,81244
31.737,74271
31.744,68943
31.751,65100
31.759,63162
31.766,66043
31.773,70261
31.781,72537
31.788,75966
31.795,78310
31.803,86355
31.81,102016
31.817,131516
31.825,177217
31.832,233784
31.839,292481
31.847,335484
31.854,336278
31.861,302126
31.869,227455
31.876,163384
31.883,115665
31.891,80094
31.898,62223
31.905,51390
31.912,46143
31.92,44152
31.927,41372
31.934,38960
31.942,37224
31.949,34989
31.956,33892
31.964,33759
31.971,32708
31.978,33415
31.986,34630
31.993,35277
32,37236
32.008,37797
32.015,39467
32.022,40847
32.03,42628
32.037,43267
32.044,44194
32.052,44166
32.059,43623
32.066,41684
32.074,39491
32.081,40744
32.088,39605
32.096,37855
32.103,38336
32.11,37388
32.117,38356
32.125,39655
32.132,39375
32.139,40795
32.147,42022
32.154,42315
32.161,42910
32.169,42906
32.176,42307
32.183,44213
32.191,46789
32.198,48486
32.205,54281
32.213,60178
32.22,65663
32.227,71578
32.235,71211
32.242,68875
32.249,63472
32.257,56512
32.264,49891
32.271,44555
32.279,42087
32.286,39096
32.293,40327
32.301,40046
32.308,38795
32.315,37799
32.322,36447
32.33,38877
32.337,37214
32.344,38646
32.352,40887
32.359,39670
32.366,38714
32.374,40113
32.381,38366
32.388,38827
32.396,38274
32.403,39609
32.41,44904
32.418,51406
32.425,63715
32.432,79310
32.44,92792
32.447,100769
32.454,99219
32.462,91103
32.469,80994
32.476,68831
32.484,57886
32.491,51501
32.498,46971
32.506,42575
32.513,41364
32.52,40626
32.528,40264
32.535,38071
32.542,36934
32.549,37105
32.557,37470
32.564,37612
32.571,37255
32.579,38135
32.586,38115
32.593,41650
32.601,49208
32.608,64763
32.615,91659
32.623,126200
32.63,169719
32.637,211769
32.645,229170
32.652,222553
32.659,197733
32.667,151725
32.674,114379
32.681,84191
32.689,63732
32.696,51560
32.703,43212
32.711,40079
32.718,36900
32.725,36367
32.733,34003
32.74,33930
32.747,33989
32.755,33548
32.762,33211
32.769,33441
32.776,34471
32.784,35174
32.791,36196
32.798,37762
32.806,37880
32.813,37655
32.82,37406
32.828,37082
32.835,36746
32.842,36187
32.85,36336
32.857,39480
32.864,42135
32.872,46919
32.879,49891
32.886,52792
32.894,51992
32.901,50606
32.908,48238
32.916,46859
32.923,44368
32.93,41848
32.938,40363
32.945,40639
32.952,40108
32.96,39823
32.967,39812
32.974,38690
32.981,37471
32.989,37047
32.996,35238
33.003,35676
33.011,36014
33.018,35788
33.025,37625
33.033,39348
33.04,39185
33.047,42007
33.055,41072
33.062,41609
33.069,40907
33.077,40178
33.084,39025
33.091,39267
33.099,38784
33.106,37976
33.113,39523
33.121,41615
33.128,44795
33.135,48788
33.143,53073
33.15,59694
33.157,64482
33.165,67695
33.172,69564
33.179,68401
33.187,64929
33.194,63969
33.201,56785
33.208,51818
33.216,47004
33.223,44331
33.23,41312
33.238,40748
33.245,41433
33.252,40324
33.26,41777
33.267,40428
33.274,40509
33.282,37894
33.289,35929
33.296,33368
33.304,33875
33.311,33094
33.318,33230
33.326,34669
33.333,34025
33.34,34496
33.348,34876
33.355,35531
33.362,35145
33.37,34713
33.377,32896
33.384,32721
33.392,31107
33.399,32404
33.406,32542
33.413,31219
33.421,29089
33.428,32028
33.435,30866
33.443,31236
33.45,31876
33.457,33217
33.465,34225
33.472,34406
33.479,36144
33.487,36482
33.494,36903
33.501,35454
33.509,37866
33.516,39851
33.523,40115
33.531,40835
33.538,41458
33.545,42232
33.553,43412
33.56,44501
33.567,45209
33.575,43866
33.582,44295
33.589,41693
33.597,42324
33.604,42123
33.611,39760
33.619,39468
33.626,39361
33.633,39400
33.64,39368
33.648,41310
33.655,43100
33.662,48378
33.67,56144
33.677,67453
33.684,89804
33.692,125650
33.699,185688
33.706,280492
33.714,420313
33.721,610845
33.728,869077
33.736,1143022
33.743,1448009
33.75,1750631
33.758,1973783
33.765,2010479
33.772,1741020
33.78,1190013
33.787,667034
33.794,360227
33.802,215281
33.809,145441
33.816,110934
33.824,92990
33.831,83084
33.838,79162
33.845,79234
33.853,77346
33.86,70253
33.867,65278
33.875,59681
33.882,58405
33.889,55859
33.897,53027
33.904,52844
33.911,50068
33.919,48913
33.926,46778
33.933,44845
33.941,41438
33.948,38516
33.955,38169
33.963,37285
33.97,37750
33.977,38351
33.985,38292
33.992,37599
33.999,36470
34.007,37288
34.014,35728
34.021,35665
34.029,35180
34.036,35585
34.043,34695
34.05,35208
34.058,34708
34.065,35894
34.072,35700
34.08,38348
34.087,39195
34.094,40943
34.102,42450
34.109,43048
34.116,44190
34.124,45919
34.131,46428
34.138,49103
34.146,49984
34.153,51131
34.16,52219
34.168,52528
34.175,51533
34.182,50197
34.19,50401
34.197,49975
34.204,48683
34.212,48136
34.219,46306
34.226,44299
34.234,40319
34.241,39165
34.248,38221
34.256,36876
34.263,35631
34.27,35502
34.277,36637
34.285,34996
34.292,35993
34.299,34694
34.307,34586
34.314,33521
34.321,33464
34.329,34217
34.336,34604
34.343,35392
34.351,35525
34.358,35776
34.365,35456
34.373,36064
34.38,36099
34.387,34702
34.395,33277
34.402,33851
34.409,32843
34.417,32160
34.424,31781
34.431,32161
34.439,31108
34.446,31860
34.453,31497
34.461,32299
34.468,32493
34.475,33573
34.482,32123
34.49,33583
34.497,34672
34.504,37855
34.512,42616
34.519,49879
34.526,57250
34.534,65612
34.541,72484
34.548,76557
34.556,75308
34.563,69368
34.57,61549
34.578,51454
34.585,44719
34.592,39182
34.6,39007
34.607,42131
34.614,47503
34.622,55702
34.629,64276
34.636,71683
34.644,80443
34.651,86084
34.658,91588
34.666,93384
34.673,94659
34.68,91024
34.688,84492
34.695,75015
34.702,66357
34.709,60499
34.717,57887
34.724,55353
34.731,53709
34.739,55177
34.746,55813
34.753,60090
34.761,63362
34.768,65411
34.775,67925
34.783,64463
34.79,60633
34.797,54702
34.805,48551
34.812,46284
34.819,45164
34.827,48975
34.834,49696
34.841,54648
34.849,56160
34.856,54474
34.863,49315
34.871,45312
34.878,40667
34.885,38874
34.893,35546
34.9,33172
34.907,34432
34.914,34962
34.922,34344
34.929,35615
34.936,35224
34.944,36450
34.951,35658
34.958,36292
34.966,37100
34.973,35371
34.98,34135
34.988,36209
34.995,37030
35.002,36305
35.01,36055
35.017,36414
35.024,35943
35.032,36855
35.039,37199
35.046,38515
35.054,39313
35.061,39097
35.068,37363
35.076,36342
35.083,35187
35.09,36188
35.098,35109
35.105,34511
35.112,33233
35.12,32574
35.127,32258
35.134,31399
35.141,30617
35.149,31073
35.156,30172
35.163,32116
35.171,33768
35.178,36596
35.185,38867
35.193,43196
35.2,44879
35.207,45578
35.215,44237
35.222,43448
35.229,45567
35.237,45341
35.244,46380
35.251,46032
35.259,46035
35.266,45209
35.273,47264
35.281,47492
35.288,50193
35.295,51290
35.303,58020
35.31,62407
35.317,65294
35.325,65691
35.332,64605
35.339,61948
35.346,58324
35.354,55274
35.361,52957
35.368,50756
35.376,49102
35.383,48694
35.39,47179
35.398,47535
35.405,45763
35.412,44703
35.42,42849
35.427,43529
35.434,44284
35.442,46815
35.449,47228
35.456,48572
35.464,47280
35.471,47533
35.478,46739
35.486,47822
35.493,50968
35.5,56405
35.508,72445
35.515,99348
35.522,144514
35.53,209467
35.537,283942
35.544,357793
35.552,415187
35.559,431714
35.566,391006
35.573,313500
35.581,224844
35.588,160349
35.595,111635
35.603,83465
35.61,67315
35.617,54665
35.625,49574
35.632,44757
35.639,41637
35.647,40959
35.654,38546
35.661,37619
35.669,38431
35.676,35881
35.683,35684
35.691,36797
35.698,35815
35.705,36508
35.713,35536
35.72,35657
35.727,35018
35.735,35820
35.742,35520
35.749,35600
35.757,35693
35.764,35565
35.771,33795
35.778,32702
35.786,31626
35.793,31339
35.8,30806
35.808,32144
35.815,33519
35.822,34989
35.83,36236
35.837,38217
35.844,41253
35.852,40289
35.859,40420
35.866,42192
35.874,41009
35.881,40102
35.888,38860
35.896,37198
35.903,38253
35.91,36500
35.918,36082
35.925,35157
35.932,37006
35.94,35542
35.947,35597
35.954,34660
35.962,36270
35.969,36626
35.976,37529
35.983,41367
35.991,43222
35.998,44920
36.005,45645
36.013,45717
36.02,44166
36.027,40074
36.035,39182
36.042,36744
36.049,34792
36.057,33699
36.064,33372
36.071,32904
36.079,31741
36.086,32382
36.093,31861
36.101,31291
36.108,32766
36.115,31131
36.123,32178
36.13,31860
36.137,30863
36.145,32140
36.152,29607
36.159,29792
36.167,30659
36.174,32966
36.181,37253
36.189,40838
36.196,45256
36.203,48911
36.21,50094
36.218,48954
36.225,45239
36.232,42929
36.24,39812
36.247,37205
36.254,34115
36.262,34556
36.269,33428
36.276,34783
36.284,34709
36.291,34636
36.298,33994
36.306,33006
36.313,32575
36.32,32806
36.328,33644
36.335,36848
36.342,41863
36.35,47630
36.357,54051
36.364,57197
36.372,60197
36.379,55655
36.386,52314
36.394,47191
36.401,40472
36.408,38173
36.415,35593
36.423,33921
36.43,32832
36.437,32206
36.445,33203
36.452,34593
36.459,33621
36.467,34572
36.474,34960
36.481,39220
36.489,41210
36.496,46408
36.503,47934
36.511,52135
36.518,54959
36.525,60266
36.533,66218
36.54,74591
36.547,76796
36.555,79357
36.562,75787
36.569,68600
36.577,61400
36.584,54180
36.591,49674
36.599,45933
36.606,43110
36.613,40197
36.621,36634
36.628,34835
36.635,33530
36.642,33901
36.65,33774
36.657,34229
36.664,34238
36.672,34813
36.679,34516
36.686,33581
36.694,34553
36.701,35237
36.708,34047
36.716,35193
36.723,36342
36.73,34907
36.738,35664
36.745,34385
36.752,31653
36.76,32899
36.767,31411
36.774,29214
36.782,29892
36.789,29150
36.796,29351
36.804,30065
36.811,30231
36.818,35191
36.826,41774
36.833,58103
36.84,86458
36.847,123909
36.855,166609
36.862,192821
36.869,211692
36.877,201237
36.884,170951
36.891,131160
36.899,98224
36.906,73087
36.913,56243
36.921,45201
36.928,41155
36.935,38191
36.943,34768
36.95,34856
36.957,34971
36.965,32809
36.972,33136
36.979,31549
36.987,31768
36.994,32175
37.001,32399
37.009,32273
37.016,31817
37.023,32745
37.031,31986
37.038,33343
37.045,34214
37.053,34421
37.06,34555
37.067,35228
37.074,36011
37.082,37523
37.089,38825
37.096,37302
37.104,37854
37.111,38391
37.118,39124
37.126,38195
37.133,38206
37.14,37952
37.148,37424
37.155,38501
37.162,40621
37.17,40326
37.177,41063
37.184,40318
37.192,40323
37.199,39781
37.206,39739
37.214,39089
37.221,38604
37.228,38262
37.236,40639
37.243,45233
37.25,52084
37.258,68693
37.265,99680
37.272,157138
37.279,245773
37.287,369860
37.294,533414
37.301,740497
37.309,986832
37.316,1248054
37.323,1523891
37.331,1754360
37.338,1978325
37.345,2182827
37.353,2258497
37.36,2018616
37.367,1296468
37.375,604172
37.382,274521
37.389,156488
37.397,113426
37.404,91986
37.411,79995
37.419,72915
37.426,66215
37.433,61420
37.441,57352
37.448,54528
37.455,53660
37.463,52578
37.47,50040
37.477,48592
37.485,47815
37.492,46341
37.499,45997
37.506,44658
37.514,44875
37.521,44366
37.528,43426
37.536,42346
37.543,43717
37.55,43706
37.558,45604
37.565,48535
37.572,50187
37.58,51137
37.587,49166
37.594,48151
37.602,46627
37.609,43364
37.616,40928
37.624,39800
37.631,39318
37.638,38593
37.646,38495
37.653,40550
37.66,37950
37.668,40028
37.675,39762
37.682,42004
37.69,42064
37.697,41238
37.704,41030
37.711,42272
37.719,43222
37.726,43795
37.733,44614
37.741,43331
37.748,42332
37.755,41427
37.763,40544
37.77,39468
37.777,39079
37.785,40065
37.792,38152
37.799,38149
37.807,38103
37.814,37312
37.821,37050
37.829,36888
37.836,35760
37.843,36751
37.851,38464
37.858,38822
37.865,40254
37.873,39625
37.88,39760
37.887,42052
37.895,44647
37.902,47587
37.909,54003
37.916,57068
37.924,58746
37.931,58891
37.938,57002
37.946,53758
37.953,52720
37.96,49628
37.968,48679
37.975,49576
37.982,48272
37.99,49171
37.997,50348
38.004,50082
38.012,48030
38.019,47925
38.026,47557
38.034,43179
38.041,41497
38.048,41479
38.056,39458
38.063,39654
38.07,38909
38.078,39929
38.085,40470
38.092,42980
38.1,50156
38.107,58762
38.114,69726
38.122,78770
38.129,85071
38.136,84185
38.143,79708
38.151,70802
38.158,64084
38.165,55567
38.173,49090
38.18,45572
38.187,42611
38.195,40592
38.202,42528
38.209,43817
38.217,46328
38.224,46233
38.231,45661
38.239,45881
38.246,42241
38.253,41185
38.261,38623
38.268,36769
38.275,37971
38.283,35818
38.29,37861
38.297,38047
38.305,38352
38.312,40507
38.319,41955
38.327,43940
38.334,47086
38.341,47516
38.348,50475
38.356,50148
38.363,50309
38.37,48128
38.378,50358
38.385,52592
38.392,56125
38.4,58865
38.407,63290
38.414,65763
38.422,65924
38.429,64984
38.436,65342
38.444,64770
38.451,61559
38.458,58566
38.466,56968
38.473,54044
38.48,53468
38.488,51572
38.495,52249
38.502,51516
38.51,50701
38.517,48601
38.524,49882
38.532,45861
38.539,43269
38.546,41129
38.554,40071
38.561,39155
38.568,38174
38.575,36954
38.583,36167
38.59,37721
38.597,38740
38.605,40429
38.612,42059
38.619,45757
38.627,47697
38.634,48814
38.641,48678
38.649,47568
38.656,45412
38.663,43775
38.671,39962
38.678,40258
38.685,38422
38.693,37395
38.7,38578
38.707,38193
38.715,39076
38.722,41680
38.729,42288
38.737,44411
38.744,45244
38.751,45156
38.759,45553
38.766,44889
38.773,44707
38.78,46788
38.788,46929
38.795,49768
38.802,55682
38.81,57968
38.817,63511
38.824,70279
38.832,75148
38.839,76814
38.846,76818
38.854,71732
38.861,68003
38.868,61681
38.876,57611
38.883,54477
38.89,53546
38.898,49416
38.905,48653
38.912,46546
38.92,46042
38.927,43406
38.934,43478
38.942,41384
38.949,46694
38.956,56107
38.964,72737
38.971,102867
38.978,142406
38.986,185213
38.993,229106
39,255806
39.007,258871
39.015,236521
39.022,198368
39.029,151257
39.037,113428
39.044,89378
39.051,74167
39.059,66327
39.066,60552
39.073,59184
39.081,56165
39.088,54745
39.095,53395
39.103,53811
39.11,53700
39.117,51292
39.125,50297
39.132,47032
39.139,46523
39.147,42906
39.154,41639
39.161,39319
39.169,38360
39.176,37598
39.183,38827
39.191,36041
39.198,36031
39.205,36038
39.212,34801
39.22,35927
39.227,35678
39.234,36324
39.242,36679
39.249,39330
39.256,40385
39.264,41343
39.271,44056
39.278,45329
39.286,45258
39.293,44927
39.3,42167
39.308,41451
39.315,40017
39.322,40275
39.33,37434
39.337,37777
39.344,37218
39.352,36899
39.359,35921
39.366,37062
39.374,38014
39.381,37352
39.388,37340
39.396,38370
39.403,39427
39.41,38405
39.418,39769
39.425,39762
39.432,39993
39.439,40598
39.447,40702
39.454,41244
39.461,40316
39.469,41447
39.476,40184
39.483,38657
39.491,39376
39.498,39661
39.505,41904
39.513,41893
39.52,43300
39.527,41686
39.535,41150
39.542,38186
39.549,36812
39.557,38301
39.564,35123
39.571,34390
39.579,34386
39.586,33426
39.593,32613
39.601,31890
39.608,31120
39.615,32715
39.623,31645
39.63,33153
39.637,31885
39.644,32281
39.652,33167
39.659,33960
39.666,34355
39.674,37712
39.681,39336
39.688,44421
39.696,48967
39.703,48937
39.71,48746
39.718,49464
39.725,45105
39.732,44884
39.74,42246
39.747,39265
39.754,39681
39.762,39600
39.769,39440
39.776,41734
39.784,43006
39.791,47798
39.798,53725
39.806,65199
39.813,74118
39.82,77692
39.828,77256
39.835,73879
39.842,66589
39.849,60397
39.857,54760
39.864,54010
39.871,52229
39.879,53046
39.886,54325
39.893,51296
39.901,51685
39.908,49811
39.915,47937
39.923,45915
39.93,45421
39.937,44336
39.945,42517
39.952,43893
39.959,41396
39.967,40295
39.974,40546
39.981,40808
39.989,40640
39.996,38872
40.003,39941
40.011,41204
40.018,41416
40.025,43114
40.033,44520
40.04,44623
40.047,43420
40.055,41754
40.062,39691
40.069,38639
40.076,38948
40.084,37656
40.091,37070
40.098,38213
40.106,38484
40.113,39430
40.12,39190
40.128,40521
40.135,42662
40.142,47577
40.15,50776
40.157,55329
40.164,57752
40.172,57227
40.179,55395
40.186,52194
40.194,49241
40.201,45732
40.208,45631
40.216,44523
40.223,44457
40.23,42763
40.238,41590
40.245,42925
40.252,43454
40.26,44843
40.267,46025
40.274,49359
40.281,54254
40.289,60583
40.296,70464
40.303,79754
40.311,85787
40.318,94945
40.325,97568
40.333,91077
40.34,86428
40.347,80902
40.355,74195
40.362,72557
40.369,76684
40.377,89297
40.384,115281
40.391,167246
40.399,240071
40.406,339338
40.413,461105
40.421,606858
40.428,788887
40.435,987921
40.443,1194520
40.45,1404848
40.457,1585210
40.465,1706821
40.472,1643484
40.479,1337494
40.486,809461
40.494,397811
40.501,184060
40.508,108913
40.516,83815
40.523,75376
40.53,67074
40.538,64439
40.545,58678
40.552,56610
40.56,53155
40.567,51357
40.574,52570
40.582,53673
40.589,66703
40.596,91067
40.604,133941
40.611,200935
40.618,292513
40.626,397788
40.633,512275
40.64,597037
40.648,620026
40.655,557232
40.662,438133
40.67,307902
40.677,208176
40.684,146297
40.692,113242
40.699,94510
40.706,83266
40.713,77510
40.721,70372
40.728,67336
40.735,64392
40.743,60494
40.75,56266
40.757,53664
40.765,50181
40.772,49143
40.779,48714
40.787,46850
40.794,47521
40.801,45708
40.809,45892
40.816,43922
40.823,45446
40.831,45712
40.838,46101
40.845,49208
40.853,53978
40.86,63105
40.867,78149
40.875,94114
40.882,109453
40.889,120684
40.897,116285
40.904,102585
40.911,88032
40.919,70493
40.926,58635
40.933,52008
40.94,47272
40.948,44024
40.955,42829
40.962,42111
40.97,40809
40.977,41251
40.984,40857
40.992,40553
40.999,38978
41.006,40027
41.014,39118
41.021,40336
41.028,39269
41.036,39844
41.043,40916
41.05,39858
41.058,39673
41.065,39074
41.072,39518
41.08,38983
41.087,38835
41.094,39485
41.102,40911
41.109,41554
41.116,43495
41.124,45193
41.131,47182
41.138,48791
41.145,51018
41.153,50898
41.16,52810
41.167,51554
41.175,49936
41.182,49266
41.189,49041
41.197,47615
41.204,45643
41.211,44462
41.219,41741
41.226,40996
41.233,41385
41.241,41984
41.248,40787
41.255,41434
41.263,41681
41.27,41713
41.277,41490
41.285,40448
41.292,40184
41.299,40163
41.307,41057
41.314,41666
41.321,47404
41.329,53790
41.336,62247
41.343,72185
41.351,81950
41.358,93924
41.365,100325
41.372,105800
41.38,112076
41.387,124521
41.394,152881
41.402,201893
41.409,278091
41.416,377441
41.424,514800
41.431,661348
41.438,843646
41.446,1045786
41.453,1208944
41.46,1387762
41.468,1491076
41.475,1474003
41.482,1280680
41.49,936700
41.497,602704
41.504,404138
41.512,291611
41.519,229969
41.526,189240
41.534,165188
41.541,149233
41.548,140828
41.556,133550
41.563,131340
41.57,124957
41.577,117315
41.585,111442
41.592,101584
41.599,94365
41.607,87418
41.614,82661
41.621,79427
41.629,74332
41.636,75380
41.643,74956
41.651,77944
41.658,79880
41.665,82013
41.673,83881
41.68,85454
41.687,80187
41.695,76207
41.702,71406
41.709,70802
41.717,68799
41.724,68049
41.731,72215
41.739,74840
41.746,77879
41.753,80932
41.761,80111
41.768,74877
41.775,71243
41.782,65821
41.79,62512
41.797,59670
41.804,56692
41.812,55202
41.819,56143
41.826,53903
41.834,53140
41.841,53609
41.848,53497
41.856,55175
41.863,57243
41.87,59501
41.878,58223
41.885,59259
41.892,55937
41.9,54287
41.907,50940
41.914,51745
41.922,52006
41.929,53623
41.936,54756
41.944,57701
41.951,59723
41.958,59961
41.966,59049
41.973,57702
41.98,54616
41.988,54295
41.995,52758
42.002,52574
42.009,53289
42.017,55135
42.024,57409
42.031,60114
42.039,65366
42.046,67927
42.053,71014
42.061,70120
42.068,69439
42.075,75298
42.083,83643
42.09,96591
42.097,116548
42.105,135800
42.112,154819
42.119,169077
42.127,173719
42.134,168372
42.141,153574
42.149,133499
42.156,115864
42.163,103513
42.171,94946
42.178,96411
42.185,105107
42.193,121074
42.2,148857
42.207,172958
42.214,189448
42.222,192999
42.229,181188
42.236,157200
42.244,132448
42.251,111307
42.258,97466
42.266,86769
42.273,81185
42.28,73645
42.288,70128
42.295,67419
42.302,66368
42.31,66050
42.317,69500
42.324,71006
42.332,71112
42.339,72080
42.346,68823
42.354,65933
42.361,62446
42.368,59332
42.376,59989
42.383,61081
42.39,65272
42.398,67723
42.405,68691
42.412,67847
42.419,66066
42.427,60931
42.434,57406
42.441,55140
42.449,53012
42.456,52968
42.463,50633
42.471,49845
42.478,49355
42.485,47869
42.493,48024
42.5,47133
42.507,44909
42.515,44862
42.522,44453
42.529,44788
42.537,43960
42.544,42861
42.551,42925
42.559,43737
42.566,42155
42.573,41739
42.581,41005
42.588,41920
42.595,42476
42.603,41738
42.61,42066
42.617,42106
42.625,42948
42.632,43384
42.639,45567
42.646,45325
42.654,46819
42.661,49453
42.668,51189
42.676,51195
42.683,50706
42.69,49376
42.698,48425
42.705,46898
42.712,45986
42.72,44135
42.727,44630
42.734,43629
42.742,43371
42.749,45342
42.756,46999
42.764,51820
42.771,55242
42.778,59287
42.786,62918
42.793,62233
42.8,62022
42.808,57983
42.815,53753
42.822,50660
42.83,50185
42.837,48460
42.844,46634
42.852,46135
42.859,45947
42.866,45334
42.873,43411
42.881,45164
42.888,43271
42.895,45204
42.903,44229
42.91,44769
42.917,44661
42.925,46540
42.932,49251
42.939,52458
42.947,59891
42.954,69214
42.961,77051
42.969,79787
42.976,80796
42.983,77862
42.991,73129
42.998,67220
43.005,65291
43.013,66164
43.02,68657
43.027,77911
43.035,88981
43.042,98615
43.049,105998
43.057,104357
43.064,95011
43.071,85239
43.078,75675
43.086,66825
43.093,60810
43.1,56722
43.108,54151
43.115,51144
43.122,49624
43.13,49333
43.137,49064
43.144,47919
43.152,47625
43.159,47058
43.166,45570
43.174,44838
43.181,43905
43.188,44052
43.196,42849
43.203,42344
43.21,42851
43.218,42515
43.225,43255
43.232,45467
43.24,46592
43.247,49357
43.254,48521
43.262,48291
43.269,45435
43.276,45555
43.284,42638
43.291,44424
43.298,43325
43.305,43065
43.313,44032
43.32,43944
43.327,44352
43.335,44507
43.342,43467
43.349,43134
43.357,43396
43.364,41791
43.371,41262
43.379,40819
43.386,42105
43.393,41836
43.401,41714
43.408,42127
43.415,42836
43.423,44691
43.43,42323
43.437,42363
43.445,42873
43.452,42257
43.459,42441
43.467,42432
43.474,42206
43.481,43527
43.489,48701
43.496,53598
43.503,63485
43.51,73669
43.518,83390
43.525,87982
43.532,89836
43.54,85547
43.547,79374
43.554,74332
43.562,67169
43.569,62769
43.576,59222
43.584,55148
43.591,54657
43.598,52436
43.606,51107
43.613,52719
43.62,51979
43.628,51459
43.635,52628
43.642,51421
43.65,55025
43.657,56693
43.664,60312
43.672,62897
43.679,66717
43.686,70414
43.694,74925
43.701,80426
43.708,94177
43.715,120200
43.723,163563
43.73,225569
43.737,312149
43.745,401221
43.752,476243
43.759,534879
43.767,525731
43.774,452726
43.781,351721
43.789,246894
43.796,174188
43.803,126251
43.811,100154
43.818,84104
43.825,75845
43.833,72093
43.84,67262
43.847,65897
43.855,62268
43.862,63045
43.869,60365
43.877,59402
43.884,59763
43.891,59690
43.899,57995
43.906,58194
43.913,57437
43.921,57877
43.928,56978
43.935,58051
43.942,56418
43.95,56584
43.957,57187
43.964,57348
43.972,57051
43.979,56449
43.986,55139
43.994,54394
44.001,53724
44.008,51975
44.016,48938
44.023,48555
44.03,48330
44.038,46989
44.045,47432
44.052,48881
44.06,47380
44.067,48800
44.074,48071
44.082,47672
44.089,46908
44.096,44283
44.104,46252
44.111,45378
44.118,45063
44.126,46167
44.133,44356
44.14,46500
44.147,45483
44.155,45713
44.162,46019
44.169,45092
44.177,44033
44.184,42293
44.191,43678
44.199,42610
44.206,44392
44.213,44472
44.221,43729
44.228,45998
44.235,44915
44.243,46720
44.25,46213
44.257,46084
44.265,44930
44.272,46588
44.279,48027
44.287,46513
44.294,46108
44.301,45605
44.309,47808
44.316,48024
44.323,48282
44.331,50476
44.338,51753
44.345,54207
44.352,55304
44.36,55906
44.367,57456
44.374,55697
44.382,57058
44.389,53696
44.396,52724
44.404,50770
44.411,48710
44.418,49695
44.426,47847
44.433,48392
44.44,47271
44.448,50124
44.455,53394
44.462,57584
44.47,62362
44.477,64651
44.484,68800
44.492,70030
44.499,70803
44.506,69969
44.514,68882
44.521,68046
44.528,65152
44.536,63600
44.543,64426
44.55,67584
44.558,75892
44.565,88661
44.572,108787
44.579,124711
44.587,136095
44.594,139686
44.601,133048
44.609,115318
44.616,100148
44.623,86335
44.631,76496
44.638,67923
44.645,63750
44.653,62080
44.66,60083
44.667,59828
44.675,58235
44.682,57498
44.689,57817
44.697,60982
44.704,64485
44.711,66583
44.719,69497
44.726,68095
44.733,66477
44.741,65154
44.748,63350
44.755,59945
44.763,60711
44.77,60181
44.777,61785
44.785,60798
44.792,61606
44.799,61282
44.806,57677
44.814,57010
44.821,55820
44.828,53310
44.836,52980
44.843,53926
44.85,52606
44.858,55545
44.865,54645
44.872,54373
44.88,55538
44.887,52176
44.894,50433
44.902,50015
44.909,48648
44.916,47043
44.924,46997
44.931,46496
44.938,45778
44.946,45729
44.953,45121
44.96,44800
44.968,45287
44.975,45564
44.982,46615
44.99,45221
44.997,46235
45.004,47820
45.011,48086
45.019,50917
45.026,53049
45.033,55960
45.041,57679
45.048,58591
45.055,61062
45.063,59349
45.07,61032
45.077,59731
45.085,58352
45.092,59188
45.099,60022
45.107,59430
45.114,59326
45.121,62697
45.129,62678
45.136,60925
45.143,62151
45.151,62076
45.158,64117
45.165,67322
45.173,71905
45.18,80065
45.187,89661
45.195,99688
45.202,111655
45.209,122171
45.217,141738
45.224,156550
45.231,162950
45.238,167757
45.246,158455
45.253,142575
45.26,123535
45.268,107426
45.275,90762
45.282,79430
45.29,73269
45.297,69464
45.304,65842
45.312,65947
45.319,67453
45.326,68369
45.334,66842
45.341,68655
45.348,65947
45.356,63519
45.363,61148
45.37,57837
45.378,57229
45.385,55873
45.392,54434
45.4,55551
45.407,56283
45.414,57080
45.422,56910
45.429,57310
45.436,56648
45.443,56504
45.451,55178
45.458,54955
45.465,54930
45.473,56602
45.48,54744
45.487,55859
45.495,56483
45.502,56028
45.509,54308
45.517,56773
45.524,59374
45.531,63775
45.539,65828
45.546,70057
45.553,73862
45.561,75235
45.568,74058
45.575,72822
45.583,70819
45.59,67903
45.597,68336
45.605,65572
45.612,65582
45.619,64199
45.627,64453
45.634,62622
45.641,61007
45.648,61555
45.656,60012
45.663,58078
45.67,55878
45.678,55094
45.685,52849
45.692,50852
45.7,50100
45.707,50123
45.714,51233
45.722,52388
45.729,53212
45.736,55688
45.744,58492
45.751,59820
45.758,60866
45.766,63159
45.773,64634
45.78,63998
45.788,61855
45.795,61272
45.802,60595
45.81,58497
45.817,57328
45.824,59034
45.832,59299
45.839,58617
45.846,59315
45.854,58986
45.861,58195
45.868,59097
45.875,56420
45.883,56716
45.89,57101
45.897,56640
45.905,56639
45.912,58876
45.919,57139
45.927,57615
45.934,55975
45.941,56276
45.949,54779
45.956,55015
45.963,56053
45.971,56987
45.978,54789
45.985,58206
45.993,61573
46,66379
46.007,71549
46.015,78461
46.022,85367
46.029,89569
46.037,91623
46.044,95006
46.051,97630
46.059,105066
46.066,109685
46.073,115338
46.08,112705
46.088,111303
46.095,99464
46.102,89984
46.11,79308
46.117,74006
46.124,68675
46.132,65288
46.139,61433
46.146,60276
46.154,57922
46.161,55703
46.168,55733
46.176,56997
46.183,55437
46.19,54798
46.198,55123
46.205,57497
46.212,54781
46.22,56507
46.227,58401
46.234,55712
46.242,55450
46.249,55148
46.256,55812
46.264,55328
46.271,55558
46.278,56202
46.285,54731
46.293,54002
46.3,52855
46.307,53505
46.315,53704
46.322,53631
46.329,53428
46.337,54844
46.344,54219
46.351,53786
46.359,51607
46.366,53541
46.373,51319
46.381,51715
46.388,50273
46.395,50196
46.403,49838
46.41,47933
46.417,48112
46.425,48288
46.432,49155
46.439,48293
46.447,48876
46.454,46476
46.461,48341
46.469,47945
46.476,47266
46.483,48060
46.491,47658
46.498,47247
46.505,46529
46.512,48955
46.52,50981
46.527,50984
46.534,50863
46.542,52940
46.549,54292
46.556,55196
46.564,55225
46.571,56418
46.578,55082
46.586,55336
46.593,56277
46.6,55908
46.608,58086
46.615,59440
46.622,63266
46.63,71658
46.637,84870
46.644,108864
46.652,142163
46.659,184372
46.666,230059
46.674,266638
46.681,288413
46.688,285544
46.696,262423
46.703,219570
46.71,177526
46.718,142331
46.725,116528
46.732,97982
46.739,90437
46.747,81407
46.754,76073
46.761,71626
46.769,68605
46.776,67620
46.783,65883
46.791,64083
46.798,63602
46.805,64005
46.813,61791
46.82,62160
46.827,62477
46.835,60342
46.842,61456
46.849,62690
46.857,61761
46.864,59233
46.871,60162
46.879,60657
46.886,59379
46.893,59945
46.901,57926
46.908,59523
46.915,58518
46.923,59450
46.93,59305
46.937,60329
46.944,60892
46.952,60228
46.959,60462
46.966,60625
46.974,58556
46.981,59744
46.988,58275
46.996,58239
47.003,56819
47.01,55034
47.018,54477
47.025,55250
47.032,55208
47.04,54597
47.047,54280
47.054,54520
47.062,55281
47.069,53831
47.076,54720
47.084,54547
47.091,54561
47.098,54367
47.106,54722
47.113,53640
47.12,55640
47.128,53841
47.135,53109
47.142,53364
47.15,52824
47.157,53650
47.164,53659
47.171,53826
47.179,53556
47.186,53952
47.193,56436
47.201,55850
47.208,55121
47.215,56443
47.223,57558
47.23,57095
47.237,57285
47.245,58919
47.252,56582
47.259,58994
47.267,58187
47.274,58323
47.281,60083
47.289,61573
47.296,58833
47.303,58179
47.311,58165
47.318,58824
47.325,56726
47.333,57504
47.34,55515
47.347,57169
47.355,57912
47.362,58671
47.369,61452
47.376,62911
47.384,63439
47.391,62086
47.398,63421
47.406,64459
47.413,63893
47.42,61810
47.428,62310
47.435,61888
47.442,62485
47.45,62949
47.457,63841
47.464,67361
47.472,69547
47.479,74110
47.486,82537
47.494,93757
47.501,107248
47.508,122311
47.516,135558
47.523,139457
47.53,134215
47.538,123845
47.545,111604
47.552,99037
47.56,88345
47.567,82749
47.574,77851
47.582,74186
47.589,73143
47.596,71924
47.603,69435
47.611,69309
47.618,69082
47.625,69262
47.633,67041
47.64,65339
47.647,64841
47.655,62774
47.662,63163
47.669,62984
47.677,61245
47.684,62019
47.691,62469
47.699,62365
47.706,63230
47.713,63534
47.721,61184
47.728,60476
47.735,59956
47.743,59900
47.75,59477
47.757,59283
47.765,59442
47.772,60688
47.779,61456
47.787,62945
47.794,62391
47.801,62921
47.808,61052
47.816,62292
47.823,58757
47.83,59513
47.838,57613
47.845,56022
47.852,58049
47.86,55550
47.867,53827
47.874,56335
47.882,54730
47.889,56318
47.896,56536
47.904,57763
47.911,57729
47.918,56605
47.926,54614
47.933,58222
47.94,57654
47.948,56067
47.955,56566
47.962,57956
47.97,58580
47.977,57421
47.984,58595
47.992,57755
47.999,56609
48.006,56177
48.013,56671
48.021,58943
48.028,61129
48.035,66971
48.043,73267
48.05,85111
48.057,98199
48.065,115652
48.072,129875
48.079,140815
48.087,144491
48.094,142389
48.101,135214
48.109,125254
48.116,114643
48.123,107757
48.131,98726
48.138,94789
48.145,90306
48.153,85676
48.16,82920
48.167,79466
48.175,78096
48.182,73120
48.189,71935
48.197,70021
48.204,68536
48.211,66732
48.218,63950
48.226,63090
48.233,61444
48.24,62680
48.248,63417
48.255,64927
48.262,64347
48.27,63559
48.277,64699
48.284,64623
48.292,63230
48.299,64908
48.306,64386
48.314,66587
48.321,66051
48.328,64460
48.336,63589
48.343,62696
48.35,62379
48.358,62959
48.365,64749
48.372,64968
48.38,64072
48.387,66617
48.394,68379
48.402,70588
48.409,74113
48.416,76643
48.424,78463
48.431,79977
48.438,77890
48.445,75117
48.453,68203
48.46,64807
48.467,62549
48.475,59599
48.482,57745
48.489,56615
48.497,55224
48.504,55614
48.511,54712
48.519,55804
48.526,55111
48.533,55168
48.541,55487
48.548,56852
48.555,57245
48.563,56080
48.57,56095
48.577,58083
48.585,56346
48.592,58337
48.599,57944
48.607,57657
48.614,58009
48.621,58329
48.629,58409
48.636,57323
48.643,59649
48.651,59669
48.658,60866
48.665,60614
48.672,61027
48.68,60673
48.687,60199
48.694,61176
48.702,59954
48.709,61792
48.716,61942
48.724,61068
48.731,63495
48.738,60766
48.746,61340
48.753,61981
48.76,59818
48.768,59950
48.775,60016
48.782,59917
48.79,59820
48.797,59731
48.804,58967
48.812,60566
48.819,61277
48.826,60640
48.834,63080
48.841,64293
48.848,66995
48.856,70837
48.863,73239
48.87,76709
48.877,79200
48.885,85744
48.892,93341
48.899,100287
48.907,108238
48.914,116633
48.921,114444
48.929,114701
48.936,109025
48.943,102535
48.951,95235
48.958,90536
48.965,84008
48.973,82315
48.98,78576
48.987,76686
48.995,73674
49.002,70749
49.009,69997
49.017,69284
49.024,67291
49.031,64758
49.039,66105
49.046,64043
49.053,64229
49.061,62616
49.068,63969
49.075,62773
49.083,62703
49.09,63634
49.097,64134
49.104,62270
49.112,62104
49.119,61950
49.126,61654
49.134,59694
49.141,61091
49.148,62501
49.156,63070
49.163,64566
49.17,66921
49.178,70380
49.185,69818
49.192,70334
49.2,68818
49.207,65520
49.214,64987
49.222,61885
49.229,61486
49.236,61227
49.244,60256
49.251,60511
49.258,58833
49.266,59033
49.273,57834
49.28,59590
49.288,59717
49.295,58672
49.302,60296
49.309,59036
49.317,61250
49.324,59038
49.331,60547
49.339,60940
49.346,60792
49.353,61558
49.361,61249
49.368,60660
49.375,62112
49.383,62434
49.39,67066
49.397,75263
49.405,83849
49.412,99886
49.419,116839
49.427,134782
49.434,149517
49.441,156959
49.449,151906
49.456,143241
49.463,132702
49.471,118100
49.478,107497
49.485,100100
49.493,93958
49.5,88479
49.507,85480
49.515,83091
49.522,79682
49.529,78929
49.536,76626
49.544,75169
49.551,74558
49.558,75223
49.566,75482
49.573,73780
49.58,75050
49.588,77978
49.595,79278
49.602,81439
49.61,79722
49.617,78633
49.624,77220
49.632,75508
49.639,73282
49.646,71288
49.654,69405
49.661,70142
49.668,71770
49.676,71752
49.683,74281
49.69,73155
49.698,74513
49.705,74529
49.712,72531
49.72,70675
49.727,68739
49.734,67964
49.741,66439
49.749,64198
49.756,64315
49.763,64992
49.771,63935
49.778,63131
49.785,63366
49.793,64779
49.8,62750
49.807,63234
49.815,61518
49.822,62671
49.829,63248
49.837,61789
49.844,60316
49.851,62208
49.859,62456
49.866,62583
49.873,63311
49.881,62729
49.888,63661
49.895,63187
49.903,64206
49.91,65108
49.917,65210
49.925,64240
49.932,65546
49.939,65070
49.946,66827
49.954,66348
49.961,66369
49.968,66381
49.976,65674
49.983,65640
49.99,64309
49.998,65689
50.005,65751
50.012,63523
50.02,65426
50.027,66467
50.034,65996
50.042,64333
50.049,63549
50.056,63619
50.064,63644
50.071,64331
50.078,64410
50.086,65140
50.093,65033
50.1,66140
50.108,64586
50.115,65509
50.122,65754
50.13,64106
50.137,65235
50.144,66099
50.152,65374
50.159,67413
50.166,68819
50.173,72714
50.181,74477
50.188,77922
50.195,80506
50.203,81193
50.21,81738
50.217,80612
50.225,77457
50.232,78088
50.239,77895
50.247,80973
50.254,88437
50.261,97850
50.269,109330
50.276,118704
50.283,121760
50.291,124207
50.298,117300
50.305,111136
50.313,104215
50.32,98992
50.327,93519
50.335,88917
50.342,85050
50.349,82910
50.357,79995
50.364,77130
50.371,74449
50.378,73126
50.386,71841
50.393,69710
50.4,71802
50.408,70728
50.415,71434
50.422,71199
50.43,73720
50.437,71430
50.444,70938
50.452,72544
50.459,74737
50.466,74703
50.474,72794
50.481,75163
50.488,73927
50.496,72313
50.503,71750
50.51,71218
50.518,71177
50.525,69885
50.532,71015
50.54,69526
50.547,71022
50.554,71208
50.562,72033
50.569,73046
50.576,73124
50.584,76034
50.591,79410
50.598,79524
50.605,80200
50.613,78580
50.62,79751
50.627,80942
50.635,85342
50.642,91285
50.649,99119
50.657,103802
50.664,106039
50.671,106297
50.679,100227
50.686,94666
50.693,89346
50.701,83730
50.708,78001
50.715,77746
50.723,77561
50.73,76234
50.737,78822
50.745,80728
50.752,82841
50.759,83846
50.767,85376
50.774,86863
50.781,90742
50.789,92337
50.796,94474
50.803,97447
50.81,100514
50.818,101232
50.825,103803
50.832,100636
50.84,101283
50.847,101628
50.854,100278
50.862,100160
50.869,99670
50.876,100209
50.884,98366
50.891,96480
50.898,94783
50.906,90365
50.913,89637
50.92,88299
50.928,91442
50.935,91556
50.942,91692
50.95,93134
50.957,92542
50.964,92445
50.972,90067
50.979,89569
50.986,86021
50.994,85136
51.001,83321
51.008,82603
51.016,82638
51.023,80281
51.03,79300
51.037,78423
51.045,77852
51.052,76387
51.059,75918
51.067,74389
51.074,74513
51.081,75799
51.089,75622
51.096,73572
51.103,73017
51.111,74333
51.118,74460
51.125,74280
51.133,74002
51.14,73431
51.147,73486
51.155,74124
51.162,71692
51.169,72369
51.177,74990
51.184,74396
51.191,75018
51.199,75982
51.206,77722
51.213,77465
51.221,78232
51.228,74792
51.235,75535
51.242,72380
51.25,73579
51.257,72412
51.264,71178
51.272,71494
51.279,72096
51.286,71565
51.294,72114
51.301,71873
51.308,72162
51.316,71461
51.323,71916
51.33,73671
51.338,72391
51.345,71476
51.352,73220
51.36,71581
51.367,70298
51.374,72735
51.382,72256
51.389,71613
51.396,72629
51.404,72642
51.411,71331
51.418,71068
51.426,73262
51.433,72674
51.44,71153
51.448,71111
51.455,72920
51.462,73131
51.469,71672
51.477,70727
51.484,71946
51.491,71880
51.499,70077
51.506,72792
51.513,72880
51.521,72771
51.528,73230
51.535,72119
51.543,72783
51.55,74851
51.557,76131
51.565,78074
51.572,81047
51.579,84324
51.587,89603
51.594,96186
51.601,98353
51.609,100603
51.616,102011
51.623,97812
51.631,92922
51.638,88855
51.645,85680
51.653,82416
51.66,80204
51.667,80051
51.674,78237
51.682,77758
51.689,75960
51.696,76069
51.704,77102
51.711,75537
51.718,73544
51.726,74001
51.733,72519
51.74,73945
51.748,73882
51.755,72464
51.762,75079
51.77,72498
51.777,73817
51.784,73681
51.792,71817
51.799,73167
51.806,73092
51.814,74668
51.821,77090
51.828,77292
51.836,80523
51.843,82663
51.85,85554
51.858,89429
51.865,90255
51.872,91070
51.879,90273
51.887,86639
51.894,85953
51.901,85972
51.909,86956
51.916,83097
51.923,86472
51.931,87212
51.938,87745
51.945,90379
51.953,91422
51.96,94202
51.967,92631
51.975,93512
51.982,91349
51.989,91574
51.997,90568
52.004,93342
52.011,94277
52.019,99451
52.026,102610
52.033,105931
52.041,107329
52.048,105719
52.055,104565
52.063,99662
52.07,94331
52.077,91308
52.085,85516
52.092,85382
52.099,87053
52.106,85017
52.114,85360
52.121,84124
52.128,84421
52.136,82234
52.143,81042
52.15,81940
52.158,80880
52.165,81480
52.172,79316
52.18,80153
52.187,80849
52.194,79468
52.202,79286
52.209,81086
52.216,80849
52.224,81019
52.231,83570
52.238,81476
52.246,81524
52.253,79412
52.26,78958
52.268,78263
52.275,77722
52.282,78140
52.29,78142
52.297,75952
52.304,76354
52.311,76256
52.319,76235
52.326,77628
52.333,77187
52.341,78803
52.348,77956
52.355,80057
52.363,81359
52.37,80969
52.377,82060
52.385,81221
52.392,80236
52.399,80840
52.407,81211
52.414,82294
52.421,84292
52.429,84433
52.436,83447
52.443,82658
52.451,84929
52.458,82989
52.465,83846
52.473,83042
52.48,82094
52.487,82855
52.495,80582
52.502,82146
52.509,80417
52.517,79113
52.524,78778
52.531,78984
52.538,79418
52.546,78737
52.553,79654
52.56,77009
52.568,76863
52.575,78467
52.582,79282
52.59,79121
52.597,79335
52.604,77623
52.612,79805
52.619,77315
52.626,78901
52.634,79536
52.641,78692
52.648,78998
52.656,81287
52.663,80806
52.67,80809
52.678,81709
52.685,80000
52.692,80324
52.7,83832
52.707,81157
52.714,82185
52.722,83523
52.729,81440
52.736,81297
52.743,79956
52.751,79968
52.758,81466
52.765,83098
52.773,86052
52.78,84973
52.787,86676
52.795,85446
52.802,86849
52.809,86613
52.817,85366
52.824,82357
52.831,82519
52.839,83241
52.846,80293
52.853,81981
52.861,85481
52.868,85637
52.875,91004
52.883,95583
52.89,97201
52.897,99599
52.905,100711
52.912,99031
52.919,96718
52.927,92252
52.934,91403
52.941,88051
52.949,85791
52.956,85911
52.963,83986
52.97,83356
52.978,83084
52.985,84834
52.992,85751
53,86116
53.007,84065
53.014,83577
53.022,82835
53.029,81452
53.036,81286
53.044,82326
53.051,81516
53.058,79915
53.066,80191
53.073,80470
53.08,80766
53.088,80755
53.095,79510
53.102,80590
53.11,80540
53.117,78524
53.124,80079
53.132,81297
53.139,80997
53.146,81391
53.154,82769
53.161,84032
53.168,83305
53.175,83279
53.183,83521
53.19,82806
53.197,82327
53.205,82690
53.212,82563
53.219,82102
53.227,84411
53.234,81605
53.241,80315
53.249,80835
53.256,81862
53.263,81539
53.271,82574
53.278,80789
53.285,82429
53.293,82323
53.3,82562
53.307,80383
53.315,82486
53.322,83940
53.329,85291
53.337,82564
53.344,82057
53.351,82901
53.359,84134
53.366,86583
53.373,88872
53.381,91111
53.388,95755
53.395,94508
53.402,95488
53.41,97159
53.417,96264
53.424,93161
53.432,91293
53.439,91673
53.446,88473
53.454,89150
53.461,84706
53.468,85541
53.476,86181
53.483,84238
53.49,84596
53.498,84777
53.505,83544
53.512,85443
53.52,83425
53.527,82009
53.534,82903
53.542,81674
53.549,81754
53.556,81680
53.564,82638
53.571,78707
53.578,80191
53.586,80459
53.593,82924
53.6,80860
53.607,79675
53.615,80541
53.622,82027
53.629,78756
53.637,81322
53.644,79998
53.651,80422
53.659,81210
53.666,83269
53.673,82879
53.681,82614
53.688,82120
53.695,83322
53.703,84023
53.71,84887
53.717,84390
53.725,84843
53.732,84649
53.739,84703
53.747,83417
53.754,82753
53.761,82962
53.769,80554
53.776,81858
53.783,82017
53.791,78632
53.798,79551
53.805,78311
53.812,79603
53.82,80100
53.827,81902
53.834,79914
53.842,80234
53.849,79366
53.856,79703
53.864,80245
53.871,79463
53.878,79708
53.886,79368
53.893,78151
53.9,77984
53.908,79529
53.915,78890
53.922,78067
53.93,78827
53.937,77293
53.944,76861
53.952,79626
53.959,78478
53.966,78208
53.974,78881
53.981,78535
53.988,77909
53.996,78343
54.003,78346
54.01,80559
54.018,77658
54.025,79273
54.032,77792
54.039,77776
54.047,78736
54.054,78752
54.061,77759
54.069,77275
54.076,77758
54.083,78970
54.091,77769
54.098,76918
54.105,80293
54.113,78857
54.12,78910
54.127,78751
54.135,78285
54.142,78620
54.149,80355
54.157,78557
54.164,79799
54.171,80325
54.179,76998
54.186,77879
54.193,77408
54.201,78324
54.208,79247
54.215,78802
54.223,79578
54.23,78209
54.237,78918
54.244,82422
54.252,83205
54.259,83634
54.266,86781
54.274,88081
54.281,91605
54.288,91655
54.296,93366
54.303,92468
54.31,92271
54.318,93589
54.325,92172
54.332,90957
54.34,90814
54.347,89414
54.354,88393
54.362,88267
54.369,86907
54.376,85533
54.384,85318
54.391,85722
54.398,86644
54.406,83787
54.413,84219
54.42,83832
54.428,84494
54.435,83385
54.442,85235
54.45,85417
54.457,85530
54.464,84191
54.471,83878
54.479,85875
54.486,86844
54.493,84695
54.501,86615
54.508,85259
54.515,85750
54.523,84910
54.53,84766
54.537,84957
54.545,85332
54.552,85434
54.559,84030
54.567,83595
54.574,83622
54.581,83925
54.589,83405
54.596,82899
54.603,84188
54.611,82903
54.618,83260
54.625,85208
54.633,85272
54.64,86259
54.647,86612
54.655,87330
54.662,88156
54.669,88153
54.676,86503
54.684,83784
54.691,84607
54.698,84868
54.706,84897
54.713,87019
54.72,86574
54.728,85687
54.735,88232
54.742,83466
54.75,86045
54.757,83578
54.764,81986
54.772,84116
54.779,82705
54.786,83887
54.794,80939
54.801,84046
54.808,82965
54.816,83912
54.823,82044
54.83,83558
54.838,82506
54.845,78205
54.852,80388
54.86,79805
54.867,79620
54.874,78845
54.882,78080
54.889,78068
54.896,78069
54.903,77628
54.911,77779
54.918,77703
54.925,78342
54.933,77524
54.94,79283
54.947,79892
54.955,79982
54.962,80359
54.969,79049
54.977,78726
54.984,81005
54.991,80817
54.999,78802
55.006,79542
55.013,79524
55.021,77896
55.028,76364
55.035,77639
55.043,75595
55.05,77277
55.057,77385
55.065,75983
55.072,76999
55.079,76211
55.087,75445
55.094,75536
55.101,76923
55.108,76537
55.116,76718
55.123,76061
55.13,75804
55.138,78410
55.145,77067
55.152,75384
55.16,78067
55.167,77860
55.174,78018
55.182,77523
55.189,77168
55.196,76854
55.204,75855
55.211,74804
55.218,75569
55.226,76284
55.233,75213
55.24,76140
55.248,78674
55.255,75720
55.262,76314
55.27,75730
55.277,76845
55.284,76530
55.292,77649
55.299,76806
55.306,75173
55.314,75513
55.321,77155
55.328,77006
55.335,76152
55.343,78352
55.35,75063
55.357,77620
55.365,76979
55.372,76798
55.379,77209
55.387,76443
55.394,76182
55.401,76516
55.409,74331
55.416,75814
55.423,76108
55.431,77422
55.438,75376
55.445,76681
55.453,76698
55.46,76511
55.467,77026
55.475,77631
55.482,76719
55.489,77162
55.497,76790
55.504,78890
55.511,76199
55.519,77027
55.526,76242
55.533,77342
55.54,74963
55.548,73300
55.555,74458
55.562,75017
55.57,73164
55.577,73922
55.584,72996
55.592,74147
55.599,72446
55.606,75271
55.614,74799
55.621,74081
55.628,76813
55.636,76301
55.643,77670
55.65,79643
55.658,80857
55.665,81972
55.672,83102
55.68,82703
55.687,83947
55.694,82385
55.702,80148
55.709,80653
55.716,77335
55.724,77314
55.731,75244
55.738,74842
55.745,75757
55.753,74475
55.76,74382
55.767,74463
55.775,74204
55.782,74457
55.789,76366
55.797,75781
55.804,77007
55.811,75643
55.819,77194
55.826,76776
55.833,75974
55.841,76031
55.848,76448
55.855,75728
55.863,76654
55.87,76695
55.877,75984
55.885,75575
55.892,74559
55.899,73874
55.907,73975
55.914,73986
55.921,73879
55.929,73652
55.936,73466
55.943,73087
55.951,72947
55.958,72880
55.965,74019
55.972,72971
55.98,74036
55.987,74290
55.994,73411
56.002,73325
56.009,74530
56.016,72898
56.024,74881
56.031,73853
56.038,73296
56.046,73602
56.053,75062
56.06,74087
56.068,71646
56.075,72307
56.082,72415
56.09,75133
56.097,74505
56.104,71980
56.112,72473
56.119,72352
56.126,70859
56.134,73017
56.141,72171
56.148,72118
56.156,71342
56.163,71474
56.17,73166
56.177,73093
56.185,71882
56.192,73162
56.199,71166
56.207,72110
56.214,72814
56.221,71969
56.229,72172
56.236,72544
56.243,72173
56.251,71905
56.258,71799
56.265,72074
56.273,71286
56.28,70780
56.287,70361
56.295,72012
56.302,69316
56.309,71886
56.317,70169
56.324,70282
56.331,70600
56.339,69826
56.346,70147
56.353,69433
56.361,68589
56.368,71522
56.375,69886
56.383,69331
56.39,70843
56.397,69580
56.404,69138
56.412,69141
56.419,70773
56.426,70100
56.434,70613
56.441,69893
56.448,71569
56.456,70626
56.463,71422
56.47,70399
56.478,71674
56.485,70808
56.492,71968
56.5,70082
56.507,69635
56.514,71477
56.522,71861
56.529,69695
56.536,73020
56.544,72894
56.551,71959
56.558,73162
56.566,70987
56.573,71966
56.58,72682
56.588,71410
56.595,69584
56.602,71596
56.609,71243
56.617,71532
56.624,69753
56.631,70162
56.639,71328
56.646,70705
56.653,69811
56.661,71566
56.668,69235
56.675,69891
56.683,68489
56.69,70686
56.697,68113
56.705,69373
56.712,68939
56.719,68498
56.727,68196
56.734,68529
56.741,69146
56.749,70277
56.756,67764
56.763,69244
56.771,68306
56.778,68536
56.785,68382
56.793,68704
56.8,67252
56.807,69814
56.815,67714
56.822,68300
56.829,68782
56.836,67423
56.844,67639
56.851,69406
56.858,68233
56.866,70057
56.873,69507
56.88,68051
56.888,68881
56.895,70591
56.902,69943
56.91,69127
56.917,68411
56.924,69780
56.932,68982
56.939,69645
56.946,70266
56.954,68916
56.961,71460
56.968,71997
56.976,74175
56.983,71943
56.99,73685
56.998,73898
57.005,74126
57.012,73937
57.02,72919
57.027,72635
57.034,72299
57.041,72959
57.049,72805
57.056,72566
57.063,71564
57.071,72971
57.078,69969
57.085,71022
57.093,71500
57.1,69440
57.107,70318
57.115,72101
57.122,70562
57.129,72029
57.137,69411
57.144,71687
57.151,70882
57.159,72338
57.166,70320
57.173,71480
57.181,71062
57.188,70196
57.195,72063
57.203,70073
57.21,69400
57.217,70229
57.225,67673
57.232,70830
57.239,69026
57.247,69214
57.254,68471
57.261,70505
57.268,69413
57.276,69665
57.283,68387
57.29,68938
57.298,68358
57.305,67811
57.312,67480
57.32,67357
57.327,67935
57.334,68649
57.342,68991
57.349,67891
57.356,68870
57.364,69201
57.371,68597
57.378,68945
57.386,67824
57.393,67210
57.4,69272
57.408,67853
57.415,67882
57.422,66629
57.43,68153
57.437,67334
57.444,67357
57.452,67578
57.459,67645
57.466,66166
57.473,67529
57.481,66143
57.488,67604
57.495,67185
57.503,66785
57.51,66391
57.517,67007
57.525,68240
57.532,66732
57.539,66122
57.547,65603
57.554,65351
57.561,66031
57.569,66957
57.576,67122
57.583,66104
57.591,66537
57.598,67442
57.605,67100
57.613,67555
57.62,68356
57.627,67656
57.635,67416
57.642,68698
57.649,66988
57.657,68106
57.664,67801
57.671,66372
57.678,67594
57.686,67149
57.693,67864
57.7,65763
57.708,67784
57.715,67771
57.722,67617
57.73,68272
57.737,69279
57.744,67833
57.752,68087
57.759,67341
57.766,68334
57.774,67989
57.781,68183
57.788,69355
57.796,68253
57.803,70170
57.81,70077
57.818,69562
57.825,68130
57.832,69261
57.84,68506
57.847,69877
57.854,68059
57.862,67329
57.869,67700
57.876,69460
57.884,68266
57.891,68505
57.898,68760
57.905,67856
57.913,67247
57.92,67957
57.927,67938
57.935,68764
57.942,68623
57.949,67791
57.957,68534
57.964,68845
57.971,67612
57.979,67355
57.986,67030
57.993,67375
58.001,67423
58.008,66223
58.015,68815
58.023,66213
58.03,66254
58.037,65759
58.045,67449
58.052,66301
58.059,67349
58.067,66728
58.074,65741
58.081,67564
58.089,69254
58.096,67598
58.103,68918
58.11,69451
58.118,68254
58.125,68179
58.132,69547
58.14,68025
58.147,69196
58.154,67553
58.162,66915
58.169,66709
58.176,66241
58.184,67272
58.191,67151
58.198,67241
58.206,66441
58.213,67228
58.22,66198
58.228,65663
58.235,65077
58.242,66063
58.25,63917
58.257,65075
58.264,63187
58.272,64116
58.279,65475
58.286,66266
58.294,65531
58.301,67044
58.308,66617
58.316,67119
58.323,64517
58.33,67154
58.337,66546
58.345,65557
58.352,66113
58.359,67954
58.367,66381
58.374,67595
58.381,64411
58.389,67239
58.396,64908
58.403,67166
58.411,66732
58.418,65474
58.425,66212
58.433,64518
58.44,66218
58.447,65372
58.455,67096
58.462,65626
58.469,66337
58.477,65629
58.484,64979
58.491,64826
58.499,64949
58.506,64834
58.513,64599
58.521,63643
58.528,65100
58.535,62987
58.542,65299
58.55,63938
58.557,67577
58.564,65188
58.572,64479
58.579,65419
58.586,64375
58.594,64308
58.601,64005
58.608,64269
58.616,63209
58.623,62405
58.63,63224
58.638,63061
58.645,63326
58.652,62545
58.66,63571
58.667,62868
58.674,64018
58.682,62912
58.689,63875
58.696,63088
58.704,63187
58.711,63130
58.718,62608
58.726,62704
58.733,63070
58.74,62645
58.748,62727
58.755,62612
58.762,64564
58.769,62813
58.777,63736
58.784,65349
58.791,62151
58.799,61423
58.806,62241
58.813,63969
58.821,61879
58.828,62261
58.835,61866
58.843,61894
58.85,64067
58.857,61067
58.865,62894
58.872,62330
58.879,61916
58.887,60903
58.894,61530
58.901,63389
58.909,62282
58.916,61501
58.923,63538
58.931,63256
58.938,64011
58.945,63069
58.953,64080
58.96,65841
58.967,64868
58.974,66361
58.982,66305
58.989,65979
58.996,68344
59.004,69271
59.011,68722
59.018,69648
59.026,70206
59.033,69785
59.04,70158
59.048,71185
59.055,68601
59.062,67475
59.07,68845
59.077,66197
59.084,65372
59.092,65915
59.099,64215
59.106,62365
59.114,63684
59.121,62398
59.128,62149
59.136,60002
59.143,61079
59.15,61226
59.158,60679
59.165,60877
59.172,60739
59.18,61527
59.187,61353
59.194,61474
59.201,62103
59.209,61792
59.216,61593
59.223,60376
59.231,60656
59.238,62918
59.245,61677
59.253,63223
59.26,61925
59.267,61908
59.275,63028
59.282,62857
59.289,62141
59.297,63761
59.304,62982
59.311,63047
59.319,62133
59.326,61817
59.333,63225
59.341,62358
59.348,62618
59.355,64554
59.363,62353
59.37,62027
59.377,62182
59.385,63081
59.392,62482
59.399,62807
59.406,63349
59.414,64275
59.421,62952
59.428,62583
59.436,63104
59.443,60452
59.45,62568
59.458,61153
59.465,60291
59.472,60726
59.48,59850
59.487,57976
59.494,61789
59.502,60001
59.509,60474
59.516,59894
59.524,59062
59.531,58852
59.538,60252
59.546,59895
59.553,59995
59.56,60149
59.568,59728
59.575,60185
59.582,58664
59.59,60195
59.597,59291
59.604,59521
59.611,59868
59.619,61250
59.626,60036
59.633,59681
59.641,62074
59.648,62520
59.655,61863
59.663,62621
59.67,62225
59.677,63656
59.685,61752
59.692,59888
59.699,61021
59.707,61544
59.714,60939
59.721,60933
59.729,59635
59.736,59826
59.743,58973
59.751,58398
59.758,59222
59.765,59692
59.773,58076
59.78,58104
59.787,59205
59.795,60378
59.802,59545
59.809,59718
59.817,58877
59.824,59923
59.831,59252
59.838,59454
59.846,61615
59.853,61204
59.86,59482
59.868,61046
59.875,61692
59.882,61329
59.89,62143
59.897,63231
59.904,61038
59.912,62443
59.919,61428
59.926,61517
59.934,61972
59.941,61876
59.948,61231
59.956,61438
59.963,62071
59.97,62954
59.978,62987
59.985,62867
59.992,63251
60,62165
60.007,63864
60.014,62080
60.022,61674
60.029,62503
60.036,62297
60.043,60486
60.051,57854
60.058,61073
60.065,59333
60.073,57508
60.08,57680
60.087,58520
60.095,57280
60.102,56771
60.109,57350
60.117,59088
60.124,58551
60.131,57773
60.139,55887
60.146,56346
60.153,56325
60.161,59282
60.168,58138
60.175,58608
60.183,56634
60.19,56349
60.197,56279
60.205,57570
60.212,56757
60.219,57409
60.227,58036
60.234,55958
60.241,57562
60.249,58632
60.256,56256
60.263,57978
60.27,57904
60.278,58247
60.285,57342
60.292,57566
60.3,56533
60.307,58141
60.314,57684
60.322,57679
60.329,57141
60.336,57545
60.344,57016
60.351,56857
60.358,57982
60.366,57316
60.373,58181
60.38,57686
60.388,58272
60.395,58025
60.402,57927
60.41,57752
60.417,59177
60.424,56212
60.432,58605
60.439,58520
60.446,58479
60.454,58873
60.461,57107
60.468,56685
60.475,56183
60.483,57397
60.49,57163
60.497,56288
60.505,54595
60.512,55902
60.519,55462
60.527,56217
60.534,54393
60.541,55360
60.549,58326
60.556,56869
60.563,56755
60.571,56116
60.578,55129
60.585,57049
60.593,56182
60.6,56461
60.607,56237
60.615,56605
60.622,55144
60.629,54024
60.637,55905
60.644,56975
60.651,57309
60.659,55424
60.666,57824
60.673,57250
60.681,57920
60.688,55253
60.695,55819
60.702,55183
60.71,56673
60.717,55712
60.724,55625
60.732,56045
60.739,55536
60.746,55135
60.754,55218
60.761,55627
60.768,55557
60.776,56562
60.783,56148
60.79,55205
60.798,56605
60.805,55495
60.812,56528
60.82,57565
60.827,55941
60.834,56114
60.842,58618
60.849,60277
60.856,61659
60.864,62368
60.871,64230
60.878,63568
60.886,63674
60.893,65624
60.9,65873
60.907,66727
60.915,66798
60.922,67786
60.929,65656
60.937,65932
60.944,66117
60.951,65116
60.959,65435
60.966,63355
60.973,65098
60.981,64204
60.988,62708
60.995,62875
61.003,63194
61.01,63323
61.017,62393
61.025,62370
61.032,61760
61.039,62212
61.047,61797
61.054,62386
61.061,62415
61.069,63381
61.076,64412
61.083,64841
61.091,67295
61.098,67727
61.105,70340
61.113,69873
61.12,67530
61.127,70013
61.134,67513
61.142,68035
61.149,66127
61.156,65685
61.164,65141
61.171,62323
61.178,62279
61.186,61528
61.193,58937
61.2,57583
61.208,56506
61.215,57843
61.222,57338
61.23,58789
61.237,57901
61.244,55979
61.252,56764
61.259,55343
61.266,55622
61.274,55794
61.281,56215
61.288,55979
61.296,56337
61.303,56200
61.31,57950
61.318,55968
61.325,57818
61.332,55415
61.339,55609
61.347,56604
61.354,56205
61.361,55849
61.369,56806
61.376,57474
61.383,57677
61.391,56277
61.398,58400
61.405,57455
61.413,59368
61.42,57454
61.427,58650
61.435,58930
61.442,57803
61.449,59168
61.457,58612
61.464,57087
61.471,57132
61.479,58160
61.486,56557
61.493,56101
61.501,55563
61.508,56289
61.515,56211
61.523,55725
61.53,56490
61.537,55913
61.544,58056
61.552,56314
61.559,56107
61.566,55875
61.574,57076
61.581,55708
61.588,58059
61.596,55656
61.603,54975
61.61,56084
61.618,56254
61.625,57136
61.632,56962
61.64,55494
61.647,55220
61.654,55068
61.662,55518
61.669,56473
61.676,56300
61.684,55263
61.691,55796
61.698,55118
61.706,54452
61.713,55404
61.72,55241
61.728,53802
61.735,54525
61.742,55669
61.75,54952
61.757,53826
61.764,54493
61.771,54746
61.779,54947
61.786,54970
61.793,53509
61.801,53737
61.808,54964
61.815,54114
61.823,53944
61.83,53583
61.837,54318
61.845,56284
61.852,53635
61.859,53235
61.867,54992
61.874,53201
61.881,53570
61.889,53537
61.896,53294
61.903,53840
61.911,54158
61.918,54865
61.925,54549
61.933,53130
61.94,53922
61.947,53936
61.955,54065
61.962,54790
61.969,52904
61.976,55103
61.984,52640
61.991,54164
61.998,52690
62.006,52956
62.013,54192
62.02,53617
62.028,52429
62.035,54761
62.042,53404
62.05,53568
62.057,53147
62.064,51774
62.072,55152
62.079,54091
62.086,54060
62.094,55372
62.101,53505
62.108,53799
62.116,54954
62.123,54518
62.13,55340
62.138,55397
62.145,54763
62.152,56415
62.16,56897
62.167,58270
62.174,61631
62.182,63317
62.189,68037
62.196,70325
62.203,74299
62.211,78918
62.218,83643
62.225,88135
62.233,94098
62.24,96580
62.247,99861
62.255,102868
62.262,103157
62.269,103582
62.277,100994
62.284,97530
62.291,95000
62.299,90768
62.306,84572
62.313,81586
62.321,77767
62.328,73350
62.335,68826
62.343,65217
62.35,60849
62.357,61039
62.365,59299
62.372,57491
62.379,56528
62.387,56132
62.394,56206
62.401,55061
62.408,54862
62.416,55160
62.423,53542
62.43,54470
62.438,54486
62.445,53654
62.452,54622
62.46,53109
62.467,53577
62.474,54993
62.482,53548
62.489,53815
62.496,53031
